t, omega, theta, x, y
0.0, 0.0, -90.0, 3.980102097228898e-18, -0.065
0.01, 7.2, -89.964, 4.084070180945527e-05, -0.0649999871695147
0.02, 14.4, -89.856, 0.0001633626460052534, -0.06499979471233652
0.03, 21.599999999999998, -89.676, 0.0003675643814965758, -0.064998960733426
0.04, 28.8, -89.424, 0.0006534402651874817, -0.06499671542331836
0.05, 36.0, -89.1, 0.0010209756252683565, -0.06499198111130794
0.06, 43.199999999999996, -88.704, 0.0014701399905874448, -0.06498337239946905
0.07, 50.400000000000006, -88.236, 0.002000878387674562, -0.06496919643706345
0.08, 57.6, -87.696, 0.0026131007085919613, -0.06494745341186794
0.09, 64.8, -87.084, 0.0033066691552568633, -0.06491583735189489
0.1, 72.0, -86.4, 0.004081383769405365, -0.06487173734783766
0.11, 72.0, -85.68, 0.004896242359315615, -0.06481532851693991
0.12, 72.0, -84.96000000000001, 0.005710327775798302, -0.06474868459430622
0.13, 72.0, -84.24, 0.006523511465328969, -0.06467181610378452
0.14, 72.0, -83.52, 0.007335665016776318, -0.06458473518380055
0.15, 72.0, -82.8, 0.008146660181679777, -0.06448745558544107
0.16, 72.0, -82.08, 0.008956368894501483, -0.06437999267028233
0.17, 72.0, -81.36, 0.00976466329284921, -0.06426236340796442
0.18, 72.0, -80.64, 0.010571415737667442, -0.06413458637351142
0.19, 72.0, -79.92, 0.011376498833392942, -0.06399668174439835
0.2, 72.0, -79.2, 0.012179785448072094, -0.06384867129736477
0.21, 72.0, -78.48, 0.012981148733436455, -0.06369057840497605
0.22, 72.0, -77.76, 0.013780462144933545, -0.06352242803193257
0.23, 72.0, -77.04, 0.014577599461709776, -0.06334424673112751
0.24, 72.0, -76.32000000000001, 0.015372434806542096, -0.06315606263945381
0.25, 72.0, -75.6, 0.01616484266571557, -0.06295790547336103
0.26, 72.0, -74.88, 0.016954697908843304, -0.0627498065241628
0.27, 72.0, -74.16, 0.01774187580862615, -0.06253179865309558
0.28, 72.0, -73.44, 0.01852625206054845, -0.062303916286129433
0.29, 72.0, -72.72, 0.01930770280250727, -0.062066195408531796
0.3, 72.0, -72.0, 0.020086104634371583, -0.06181867355918498
0.31, 72.0, -71.28, 0.020861334637468615, -0.061561389824658384
0.32, 72.0, -70.56, 0.021633270393994136, -0.06129438483303619
0.33, 72.0, -69.84, 0.022401790006343607, -0.06101770074750182
0.34, 72.0, -69.12, 0.0231667721163613, -0.060731381259679786
0.35000000000000003, 72.0, -68.4, 0.023928095924504064, -0.06043547158273635
0.36, 72.0, -67.68, 0.02468564120891706, -0.060130018444239784
0.37, 72.0, -66.96, 0.025439288344418165, -0.05981507007878157
0.38, 72.0, -66.24, 0.026188918321388074, -0.05949067622035964
0.39, 72.0, -65.52, 0.026934412764563476, -0.05915688809452472
0.4, 72.0, -64.8, 0.027675653951729724, -0.058813758410291274
0.41000000000000003, 72.0, -64.08, 0.028412524832310646, -0.05846134135181411
0.42, 72.0, -63.36, 0.029144909045852097, -0.05809969256983215
0.43, 72.0, -62.64, 0.029872690940396716, -0.05772886917288039
0.44, 72.0, -61.92, 0.030595755590746614, -0.05734892971827196
0.45, 72.0, -61.2, 0.03131398881661149, -0.05695993420285114
0.46, 72.0, -60.480000000000004, 0.03202727720063895, -0.05656194405351917
0.47000000000000003, 72.0, -59.76, 0.03273550810632446, -0.056155022117534294
0.48, 72.0, -59.04, 0.03343856969579792, -0.0557392326525874
0.49, 72.0, -58.31999999999999, 0.034136350947484226, -0.05531464131665497
0.5, 72.0, -57.6, 0.034828741673634776, -0.054881315157630985
0.51, 72.0, -56.879999999999995, 0.03551563253772749, -0.05443932260273921
0.52, 72.0, -56.16, 0.03619691507173223, -0.05398873344772782
0.53, 72.0, -55.44, 0.03687248169323917, -0.05352961884584779
0.54, 72.0, -54.72, 0.0375422257224474, -0.05306205129661696
0.55, 72.0, -53.99999999999999, 0.038206041399010765, -0.05258610463437158
0.56, 72.0, -53.279999999999994, 0.03886382389873874, -0.052101854016606976
0.5700000000000001, 72.0, -52.559999999999995, 0.03951546935014936, -0.0516093759121093
0.58, 72.0, -51.839999999999996, 0.04016087485087174, -0.051108748088880225
0.59, 72.0, -51.12, 0.04079993848389553, -0.050600049601856524
0.6, 72.0, -50.4, 0.04143255933366483, -0.0500833607804263
0.61, 72.0, -49.68, 0.042058637502013885, -0.049558763215744116
0.62, 72.0, -48.96, 0.042678074123942165, -0.049026339747846745
0.63, 72.0, -48.239999999999995, 0.04329077138322636, -0.04848617445257184
0.64, 72.0, -47.519999999999996, 0.043896632527866596, -0.0479383526282813
0.65, 72.0, -46.8, 0.04449556188536477, -0.04738296078239174
0.66, 72.0, -46.07999999999999, 0.045087464877832335, -0.04682008661771394
0.67, 72.0, -45.35999999999999, 0.045672248036925205, -0.04624981901860354
0.68, 72.0, -44.63999999999999, 0.04624981901860355, -0.0456722480369252
0.6900000000000001, 72.0, -43.919999999999995, 0.04682008661771395, -0.04508746487783232
0.7000000000000001, 72.0, -43.199999999999996, 0.04738296078239175, -0.044495561885364764
0.71, 72.0, -42.48, 0.047938352628281306, -0.04389663252786658
0.72, 72.0, -41.76, 0.04848617445257185, -0.04329077138322635
0.73, 72.0, -41.04, 0.04902633974784675, -0.042678074123942165
0.74, 72.0, -40.32, 0.049558763215744116, -0.04205863750201388
0.75, 72.0, -39.599999999999994, 0.05008336078042631, -0.041432559333664826
0.76, 72.0, -38.879999999999995, 0.050600049601856524, -0.04079993848389553
0.77, 72.0, -38.16, 0.05110874808888023, -0.04016087485087173
0.78, 72.0, -37.44, 0.051609375912109304, -0.03951546935014935
0.79, 72.0, -36.71999999999999, 0.05210185401660698, -0.03886382389873872
0.8, 72.0, -35.99999999999999, 0.052586104634371585, -0.03820604139901075
0.81, 72.0, -35.279999999999994, 0.053062051296616966, -0.03754222572244739
0.8200000000000001, 72.0, -34.559999999999995, 0.05352961884584779, -0.036872481693239166
0.8300000000000001, 72.0, -33.83999999999999, 0.05398873344772783, -0.036196915071732214
0.84, 72.0, -33.12, 0.05443932260273922, -0.03551563253772749
0.85, 72.0, -32.4, 0.054881315157630985, -0.03482874167363478
0.86, 72.0, -31.68, 0.05531464131665497, -0.034136350947484226
0.87, 72.0, -30.96, 0.055739232652587394, -0.03343856969579792
0.88, 72.0, -30.239999999999995, 0.0561550221175343, -0.03273550810632445
0.89, 72.0, -29.519999999999996, 0.05656194405351917, -0.03202727720063895
0.9, 72.0, -28.799999999999997, 0.056959934202851135, -0.03131398881661149
0.91, 72.0, -28.07999999999999, 0.05734892971827197, -0.03059575559074661
0.92, 72.0, -27.359999999999992, 0.0577288691728804, -0.029872690940396705
0.93, 72.0, -26.639999999999993, 0.05809969256983215, -0.02914490904585209
0.9400000000000001, 72.0, -25.92, 0.05846134135181412, -0.028412524832310642
0.9500000000000001, 72.0, -25.200000000000003, 0.05881375841029127, -0.027675653951729728
0.96, 72.0, -24.480000000000004, 0.05915688809452472, -0.026934412764563473
0.97, 72.0, -23.760000000000005, 0.05949067622035964, -0.026188918321388074
0.98, 72.0, -23.040000000000006, 0.05981507007878157, -0.025439288344418165
0.99, 72.0, -22.320000000000007, 0.06013001844423978, -0.02468564120891708
1.0, 72.0, -21.60000000000001, 0.06043547158273634, -0.023928095924504077
1.01, 72.0, -20.88000000000001, 0.060731381259679786, -0.023166772116361308
1.02, 72.0, -20.159999999999997, 0.06101770074750182, -0.022401790006343607
1.03, 72.0, -19.439999999999998, 0.061294384833036196, -0.021633270393994132
1.04, 72.0, -18.72, 0.061561389824658384, -0.02086133463746862
1.05, 72.0, -18.0, 0.06181867355918498, -0.02008610463437158
1.06, 72.0, -17.28, 0.062066195408531796, -0.019307702802507272
1.07, 72.0, -16.560000000000002, 0.062303916286129433, -0.01852625206054845
1.08, 72.0, -15.840000000000003, 0.06253179865309558, -0.017741875808626142
1.09, 72.0, -15.120000000000005, 0.0627498065241628, -0.016954697908843304
1.1, 72.0, -14.400000000000006, 0.06295790547336103, -0.016164842665715565
1.11, 72.0, -13.680000000000007, 0.06315606263945381, -0.015372434806542113
1.12, 72.0, -12.960000000000008, 0.06334424673112751, -0.014577599461709785
1.1300000000000001, 72.0, -12.240000000000009, 0.06352242803193257, -0.013780462144933562
1.1400000000000001, 72.0, -11.52000000000001, 0.06369057840497605, -0.012981148733436467
1.1500000000000001, 72.0, -10.799999999999997, 0.06384867129736477, -0.012179785448072097
1.16, 72.0, -10.080000000000013, 0.06399668174439835, -0.011376498833392958
1.17, 72.0, -9.360000000000014, 0.06413458637351142, -0.010571415737667449
1.18, 72.0, -8.640000000000015, 0.06426236340796442, -0.009764663292849224
1.19, 72.0, -7.920000000000016, 0.06437999267028233, -0.008956368894501491
1.2, 72.0, -7.200000000000017, 0.06448745558544106, -0.008146660181679794
1.21, 72.0, -6.480000000000018, 0.06458473518380055, -0.00733566501677633
1.22, 72.0, -5.760000000000019, 0.06467181610378452, -0.00652351146532899
1.23, 72.0, -5.0400000000000205, 0.0647486845943062, -0.0057103277757983295
1.24, 72.0, -4.320000000000007, 0.06481532851693991, -0.004896242359315635
1.25, 72.0, -3.6000000000000085, 0.06487173734783766, -0.004081383769405379
1.26, 72.0, -2.8800000000000097, 0.06491790217939114, -0.0032658806816850323
1.27, 72.0, -2.160000000000011, 0.0649538157216383, -0.002449861873545757
1.28, 72.0, -1.440000000000012, 0.0649794723034145, -0.0016334562038169498
1.29, 72.0, -0.7200000000000131, 0.06499486787324806, -0.0008167925924179343
1.3, 72.0, -1.4210854715202004e-14, 0.065, -1.6121703279684344e-17
1.31, 72.0, 0.7199999999999989, 0.06499486787324806, 0.0008167925924179181
1.32, 72.0, 1.4399999999999977, 0.0649794723034145, 0.0016334562038169335
1.33, 72.0, 2.1599999999999966, 0.0649538157216383, 0.002449861873545741
1.34, 72.0, 2.8799999999999955, 0.06491790217939114, 0.003265880681685016
1.35, 72.0, 3.5999999999999943, 0.06487173734783766, 0.004081383769405363
1.36, 72.0, 4.319999999999993, 0.06481532851693991, 0.004896242359315619
1.37, 72.0, 5.039999999999992, 0.06474868459430622, 0.0057103277757982965
1.3800000000000001, 72.0, 5.759999999999991, 0.06467181610378452, 0.006523511465328958
1.3900000000000001, 72.0, 6.47999999999999, 0.06458473518380055, 0.007335665016776298
1.4000000000000001, 72.0, 7.200000000000003, 0.06448745558544107, 0.008146660181679779
1.41, 72.0, 7.9199999999999875, 0.06437999267028234, 0.008956368894501462
1.42, 72.0, 8.639999999999986, 0.06426236340796442, 0.009764663292849193
1.43, 72.0, 9.359999999999985, 0.06413458637351144, 0.01057141573766742
1.44, 72.0, 10.079999999999984, 0.06399668174439836, 0.011376498833392925
1.45, 72.0, 10.799999999999983, 0.06384867129736477, 0.012179785448072083
1.46, 72.0, 11.519999999999982, 0.06369057840497605, 0.012981148733436436
1.47, 72.0, 12.23999999999998, 0.06352242803193257, 0.01378046214493353
1.48, 72.0, 12.95999999999998, 0.06334424673112753, 0.014577599461709756
1.49, 72.0, 13.679999999999993, 0.06315606263945381, 0.015372434806542098
1.5, 72.0, 14.399999999999991, 0.06295790547336103, 0.01616484266571555
1.51, 72.0, 15.11999999999999, 0.0627498065241628, 0.01695469790884329
1.52, 72.0, 15.83999999999999, 0.06253179865309559, 0.017741875808626125
1.53, 72.0, 16.559999999999988, 0.06230391628612944, 0.018526252060548438
1.54, 72.0, 17.279999999999987, 0.0620661954085318, 0.019307702802507255
1.55, 72.0, 17.999999999999986, 0.06181867355918499, 0.02008610463437157
1.56, 72.0, 18.72, 0.061561389824658384, 0.02086133463746862
1.57, 72.0, 19.439999999999998, 0.061294384833036196, 0.021633270393994132
1.58, 72.0, 20.159999999999997, 0.06101770074750182, 0.022401790006343607
1.59, 72.0, 20.879999999999995, 0.06073138125967979, 0.02316677211636129
1.6, 72.0, 21.599999999999994, 0.06043547158273635, 0.023928095924504064
1.61, 72.0, 22.319999999999993, 0.060130018444239784, 0.024685641208917062
1.62, 72.0, 23.039999999999992, 0.059815070078781576, 0.025439288344418148
1.6300000000000001, 72.0, 23.75999999999999, 0.059490676220359646, 0.026188918321388064
1.6400000000000001, 72.0, 24.47999999999999, 0.059156888094524726, 0.02693441276456346
1.6500000000000001, 72.0, 25.200000000000003, 0.05881375841029127, 0.027675653951729728
1.6600000000000001, 72.0, 25.92, 0.05846134135181412, 0.028412524832310642
1.67, 72.0, 26.639999999999986, 0.058099692569832155, 0.029144909045852086
1.68, 72.0, 27.359999999999985, 0.0577288691728804, 0.0298726909403967
1.69, 72.0, 28.079999999999984, 0.05734892971827197, 0.0305957555907466
1.7, 72.0, 28.799999999999983, 0.05695993420285114, 0.031313988816611474
1.71, 72.0, 29.519999999999982, 0.05656194405351918, 0.032027277200638936
1.72, 72.0, 30.23999999999998, 0.05615502211753431, 0.03273550810632444
1.73, 72.0, 30.95999999999998, 0.05573923265258741, 0.03343856969579791
1.74, 72.0, 31.679999999999993, 0.05531464131665498, 0.03413635094748421
1.75, 72.0, 32.39999999999999, 0.05488131515763099, 0.034828741673634776
1.76, 72.0, 33.11999999999999, 0.054439322602739225, 0.03551563253772748
1.77, 72.0, 33.83999999999999, 0.05398873344772783, 0.036196915071732214
1.78, 72.0, 34.55999999999999, 0.053529618845847796, 0.03687248169323916
1.79, 72.0, 35.27999999999999, 0.053062051296616966, 0.037542225722447385
1.8, 72.0, 35.999999999999986, 0.05258610463437159, 0.038206041399010744
1.81, 72.0, 36.72, 0.05210185401660698, 0.03886382389873873
1.82, 72.0, 37.44, 0.051609375912109304, 0.03951546935014935
1.83, 72.0, 38.16, 0.05110874808888023, 0.04016087485087173
1.84, 72.0, 38.879999999999995, 0.050600049601856524, 0.04079993848389553
1.85, 72.0, 39.599999999999994, 0.05008336078042631, 0.041432559333664826
1.86, 72.0, 40.31999999999999, 0.04955876321574412, 0.04205863750201388
1.87, 72.0, 41.03999999999999, 0.04902633974784675, 0.04267807412394216
1.8800000000000001, 72.0, 41.75999999999999, 0.04848617445257185, 0.043290771383226345
1.8900000000000001, 72.0, 42.47999999999999, 0.04793835262828131, 0.043896632527866575
1.9000000000000001, 72.0, 43.19999999999999, 0.04738296078239176, 0.04449556188536476
1.9100000000000001, 72.0, 43.91999999999999, 0.04682008661771396, 0.045087464877832314
1.92, 72.0, 44.639999999999986, 0.04624981901860356, 0.045672248036925184
1.93, 72.0, 45.359999999999985, 0.04567224803692521, 0.04624981901860353
1.94, 72.0, 46.079999999999984, 0.045087464877832335, 0.04682008661771394
1.95, 72.0, 46.79999999999998, 0.044495561885364784, 0.047382960782391736
1.96, 72.0, 47.51999999999998, 0.04389663252786661, 0.04793835262828129
1.97, 72.0, 48.23999999999998, 0.04329077138322637, 0.04848617445257183
1.98, 72.0, 48.95999999999998, 0.04267807412394218, 0.04902633974784673
1.99, 72.0, 49.67999999999998, 0.0420586375020139, 0.0495587632157441
2.0, 72.0, 50.39999999999998, 0.04143255933366485, 0.05008336078042628
2.0100000000000002, 72.0, 51.120000000000005, 0.04079993848389552, 0.050600049601856524
2.02, 72.0, 51.84, 0.040160874850871726, 0.05110874808888023
2.0300000000000002, 72.0, 52.56, 0.03951546935014935, 0.0516093759121093
2.04, 72.0, 53.28, 0.038863823898738735, 0.052101854016606976
2.05, 72.0, 53.99999999999997, 0.03820604139901078, 0.052586104634371564
2.06, 72.0, 54.72, 0.0375422257224474, 0.05306205129661696
2.07, 72.0, 55.43999999999997, 0.0368724816932392, 0.05352961884584777
2.08, 72.0, 56.16, 0.03619691507173223, 0.05398873344772782
2.09, 72.0, 56.87999999999997, 0.03551563253772752, 0.05443932260273919
2.1, 72.0, 57.599999999999994, 0.03482874167363479, 0.05488131515763098
2.11, 72.0, 58.319999999999965, 0.03413635094748426, 0.05531464131665495
2.12, 72.0, 59.03999999999999, 0.033438569695797934, 0.055739232652587394
2.13, 72.0, 59.75999999999999, 0.03273550810632446, 0.056155022117534294
2.14, 72.0, 60.47999999999999, 0.032027277200638964, 0.056561944053519164
2.15, 72.0, 61.19999999999999, 0.03131398881661151, 0.05695993420285113
2.16, 72.0, 61.91999999999999, 0.030595755590746627, 0.057348929718271956
2.17, 72.0, 62.639999999999986, 0.02987269094039673, 0.057728869172880386
2.18, 72.0, 63.359999999999985, 0.02914490904585211, 0.05809969256983214
2.19, 72.0, 64.07999999999998, 0.02841252483231066, 0.058461341351814106
2.2, 72.0, 64.80000000000001, 0.02767565395172971, 0.058813758410291274
2.21, 72.0, 65.51999999999998, 0.026934412764563487, 0.05915688809452471
2.22, 72.0, 66.24000000000001, 0.02618891832138806, 0.059490676220359646
2.23, 72.0, 66.95999999999998, 0.02543928834441818, 0.05981507007878156
2.24, 72.0, 67.68, 0.02468564120891706, 0.060130018444239784
2.25, 72.0, 68.39999999999998, 0.02392809592450409, 0.06043547158273633
2.2600000000000002, 72.0, 69.12, 0.0231667721163613, 0.060731381259679786
2.27, 72.0, 69.84, 0.022401790006343607, 0.06101770074750182
2.2800000000000002, 72.0, 70.56, 0.021633270393994136, 0.06129438483303619
2.29, 72.0, 71.28, 0.020861334637468615, 0.061561389824658384
2.3000000000000003, 72.0, 72.0, 0.020086104634371583, 0.06181867355918498
2.31, 72.0, 72.72, 0.01930770280250727, 0.062066195408531796
2.32, 72.0, 73.43999999999997, 0.01852625206054848, 0.06230391628612943
2.33, 72.0, 74.16, 0.01774187580862615, 0.06253179865309558
2.34, 72.0, 74.87999999999997, 0.016954697908843335, 0.0627498065241628
2.35, 72.0, 75.6, 0.01616484266571557, 0.06295790547336103
2.36, 72.0, 76.31999999999996, 0.015372434806542152, 0.0631560626394538
2.37, 72.0, 77.03999999999999, 0.014577599461709789, 0.06334424673112751
2.38, 72.0, 77.75999999999999, 0.013780462144933558, 0.06352242803193257
2.39, 72.0, 78.47999999999999, 0.01298114873343647, 0.06369057840497605
2.4, 72.0, 79.19999999999999, 0.012179785448072121, 0.06384867129736477
2.41, 72.0, 79.91999999999999, 0.011376498833392958, 0.06399668174439835
2.42, 72.0, 80.63999999999999, 0.010571415737667456, 0.06413458637351142
2.43, 72.0, 81.35999999999999, 0.009764663292849224, 0.06426236340796442
2.44, 72.0, 82.07999999999998, 0.008956368894501496, 0.06437999267028233
2.45, 72.0, 82.80000000000001, 0.008146660181679763, 0.06448745558544107
2.46, 72.0, 83.51999999999998, 0.007335665016776333, 0.06458473518380055
2.47, 72.0, 84.24000000000001, 0.006523511465328955, 0.06467181610378452
2.48, 72.0, 84.95999999999998, 0.00571032777579833, 0.0647486845943062
2.49, 72.0, 85.68, 0.004896242359315615, 0.06481532851693991
2.5, 72.0, 86.39999999999998, 0.004081383769405394, 0.06487173734783766
2.5100000000000002, 72.0, 87.12, 0.003265880681685024, 0.06491790217939114
2.52, 72.0, 87.84, 0.0024498618735457407, 0.0649538157216383
2.5300000000000002, 72.0, 88.56, 0.0016334562038169396, 0.0649794723034145
2.54, 72.0, 89.28, 0.000816792592417916, 0.06499486787324806
2.5500000000000003, 72.0, 90.0, 3.980102097228898e-18, 0.065
2.56, 72.0, 90.72, -0.0008167925924179224, 0.06499486787324806
2.57, 72.0, 91.43999999999997, -0.0016334562038169025, 0.06497947230341451
2.58, 72.0, 92.16, -0.002449861873545733, 0.0649538157216383
2.59, 72.0, 92.87999999999997, -0.0032658806816849876, 0.06491790217939114
2.6, 72.0, 93.6, -0.004081383769405357, 0.06487173734783766
2.61, 72.0, 94.31999999999996, -0.004896242359315593, 0.06481532851693991
2.62, 72.0, 95.03999999999999, -0.005710327775798293, 0.06474868459430622
2.63, 72.0, 95.75999999999999, -0.006523511465328961, 0.06467181610378452
2.64, 72.0, 96.47999999999999, -0.0073356650167762955, 0.06458473518380055
2.65, 72.0, 97.19999999999999, -0.008146660181679755, 0.06448745558544107
2.66, 72.0, 97.91999999999999, -0.008956368894501458, 0.06437999267028234
2.67, 72.0, 98.63999999999999, -0.009764663292849186, 0.06426236340796442
2.68, 72.0, 99.35999999999999, -0.01057141573766742, 0.06413458637351144
2.69, 72.0, 100.07999999999998, -0.011376498833392921, 0.06399668174439836
2.7, 72.0, 100.80000000000001, -0.012179785448072114, 0.06384867129736477
2.71, 72.0, 101.51999999999998, -0.012981148733436434, 0.06369057840497605
2.72, 72.0, 102.24000000000001, -0.013780462144933564, 0.06352242803193257
2.73, 72.0, 102.95999999999998, -0.014577599461709754, 0.06334424673112753
2.74, 72.0, 103.68, -0.015372434806542115, 0.06315606263945381
2.75, 72.0, 104.39999999999998, -0.016164842665715537, 0.06295790547336103
2.7600000000000002, 72.0, 105.12, -0.016954697908843297, 0.0627498065241628
2.77, 72.0, 105.84, -0.017741875808626142, 0.06253179865309558
2.7800000000000002, 72.0, 106.56, -0.018526252060548445, 0.06230391628612944
2.79, 72.0, 107.28, -0.019307702802507275, 0.062066195408531796
2.8000000000000003, 72.0, 108.0, -0.020086104634371577, 0.06181867355918499
2.81, 72.0, 108.72, -0.020861334637468622, 0.06156138982465838
2.82, 72.0, 109.43999999999997, -0.021633270393994097, 0.0612943848330362
2.83, 72.0, 110.16, -0.022401790006343597, 0.061017700747501825
2.84, 72.0, 110.87999999999997, -0.023166772116361263, 0.0607313812596798
2.85, 72.0, 111.6, -0.023928095924504053, 0.06043547158273635
2.86, 72.0, 112.31999999999996, -0.02468564120891704, 0.06013001844423979
2.87, 72.0, 113.03999999999999, -0.025439288344418144, 0.059815070078781576
2.88, 72.0, 113.75999999999999, -0.026188918321388067, 0.059490676220359646
2.89, 72.0, 114.47999999999999, -0.026934412764563456, 0.059156888094524726
2.9, 72.0, 115.19999999999999, -0.027675653951729703, 0.05881375841029128
2.91, 72.0, 115.91999999999999, -0.028412524832310628, 0.058461341351814126
2.92, 72.0, 116.63999999999999, -0.02914490904585209, 0.058099692569832155
2.93, 72.0, 117.35999999999999, -0.029872690940396684, 0.05772886917288041
2.94, 72.0, 118.07999999999998, -0.030595755590746596, 0.057348929718271976
2.95, 72.0, 118.80000000000001, -0.0313139888166115, 0.05695993420285113
2.96, 72.0, 119.51999999999998, -0.03202727720063894, 0.05656194405351917
2.97, 72.0, 120.24000000000001, -0.03273550810632445, 0.0561550221175343
2.98, 72.0, 120.95999999999998, -0.0334385696957979, 0.05573923265258741
2.99, 72.0, 121.68, -0.03413635094748423, 0.055314641316654964
3.0, 72.0, 122.39999999999998, -0.03482874167363475, 0.054881315157631005
3.0100000000000002, 72.0, 123.12, -0.035515632537727486, 0.05443932260273922
3.02, 72.0, 123.84, -0.03619691507173223, 0.053988733447727824
3.0300000000000002, 72.0, 124.56, -0.03687248169323918, 0.05352961884584778
3.04, 72.0, 125.28, -0.037542225722447385, 0.053062051296616966
3.0500000000000003, 72.0, 126.0, -0.03820604139901075, 0.052586104634371585
3.06, 72.0, 126.72, -0.038863823898738735, 0.052101854016606976
3.0700000000000003, 72.0, 127.44, -0.03951546935014936, 0.0516093759121093
3.08, 72.0, 128.16, -0.040160874850871726, 0.05110874808888024
3.09, 72.0, 128.87999999999997, -0.0407999384838955, 0.050600049601856545
3.1, 72.0, 129.6, -0.04143255933366483, 0.0500833607804263
3.11, 72.0, 130.31999999999996, -0.04205863750201384, 0.049558763215744144
3.12, 72.0, 131.04, -0.04267807412394216, 0.04902633974784676
3.13, 72.0, 131.76, -0.04329077138322635, 0.04848617445257185
3.14, 72.0, 132.48, -0.04389663252786658, 0.047938352628281306
3.15, 72.0, 133.2, -0.04449556188536475, 0.047382960782391764
3.16, 72.0, 133.92, -0.04508746487783231, 0.04682008661771396
3.17, 72.0, 134.64, -0.04567224803692519, 0.046249819018603554
3.18, 72.0, 135.35999999999999, -0.046249819018603526, 0.04567224803692522
3.19, 72.0, 136.07999999999998, -0.04682008661771393, 0.04508746487783234
3.2, 72.0, 136.8, -0.04738296078239176, 0.04449556188536476
3.21, 72.0, 137.51999999999998, -0.0479383526282813, 0.0438966325278666
3.22, 72.0, 138.24, -0.04848617445257184, 0.04329077138322636
3.23, 72.0, 138.95999999999998, -0.04902633974784673, 0.04267807412394219
3.24, 72.0, 139.68, -0.04955876321574412, 0.04205863750201388
3.25, 72.0, 140.39999999999998, -0.05008336078042627, 0.04143255933366486
3.2600000000000002, 72.0, 141.12, -0.05060004960185652, 0.040799938483895536
3.27, 72.0, 141.84, -0.05110874808888023, 0.04016087485087173
3.2800000000000002, 72.0, 142.56, -0.051609375912109304, 0.039515469350149345
3.29, 72.0, 143.28, -0.05210185401660697, 0.03886382389873874
3.3000000000000003, 72.0, 144.0, -0.05258610463437158, 0.038206041399010765
3.31, 72.0, 144.72, -0.05306205129661696, 0.0375422257224474
3.3200000000000003, 72.0, 145.44, -0.05352961884584779, 0.036872481693239166
3.33, 72.0, 146.16, -0.05398873344772782, 0.036196915071732234
3.34, 72.0, 146.87999999999997, -0.0544393226027392, 0.03551563253772752
3.35, 72.0, 147.6, -0.054881315157630985, 0.03482874167363478
3.36, 72.0, 148.31999999999996, -0.05531464131665494, 0.03413635094748427
3.37, 72.0, 149.04, -0.05573923265258739, 0.033438569695797934
3.38, 72.0, 149.76, -0.056155022117534294, 0.03273550810632446
3.39, 72.0, 150.48, -0.05656194405351917, 0.03202727720063895
3.4, 72.0, 151.2, -0.05695993420285113, 0.031313988816611515
3.41, 72.0, 151.92, -0.057348929718271956, 0.030595755590746634
3.42, 72.0, 152.64, -0.05772886917288039, 0.02987269094039672
3.43, 72.0, 153.35999999999999, -0.058099692569832134, 0.029144909045852124
3.44, 72.0, 154.07999999999998, -0.058461341351814106, 0.028412524832310663
3.45, 72.0, 154.8, -0.058813758410291274, 0.027675653951729714
3.46, 72.0, 155.51999999999998, -0.05915688809452472, 0.02693441276456348
3.47, 72.0, 156.24, -0.05949067622035964, 0.026188918321388078
3.48, 72.0, 156.95999999999998, -0.05981507007878156, 0.025439288344418182
3.49, 72.0, 157.68, -0.06013001844423978, 0.024685641208917065
3.5, 72.0, 158.39999999999998, -0.06043547158273632, 0.023928095924504105
3.5100000000000002, 72.0, 159.12, -0.060731381259679786, 0.023166772116361305
3.52, 72.0, 159.84, -0.06101770074750182, 0.02240179000634361
3.5300000000000002, 72.0, 160.56, -0.061294384833036196, 0.021633270393994125
3.54, 72.0, 161.28, -0.06156138982465838, 0.020861334637468632
3.5500000000000003, 72.0, 162.0, -0.06181867355918498, 0.020086104634371587
3.56, 72.0, 162.72, -0.062066195408531796, 0.019307702802507272
3.5700000000000003, 72.0, 163.44, -0.06230391628612944, 0.018526252060548445
3.58, 72.0, 164.16, -0.06253179865309558, 0.017741875808626153
3.59, 72.0, 164.87999999999997, -0.0627498065241628, 0.01695469790884334
3.6, 72.0, 165.6, -0.06295790547336103, 0.016164842665715565
3.61, 72.0, 166.32, -0.06315606263945381, 0.015372434806542127
3.62, 72.0, 167.04000000000002, -0.06334424673112753, 0.014577599461709766
3.63, 72.0, 167.76, -0.06352242803193257, 0.013780462144933562
3.64, 72.0, 168.48000000000002, -0.06369057840497605, 0.012981148733436431
3.65, 72.0, 169.2, -0.06384867129736477, 0.012179785448072127
3.66, 72.0, 169.92000000000002, -0.06399668174439836, 0.011376498833392932
3.67, 72.0, 170.64, -0.06413458637351142, 0.010571415737667445
3.68, 72.0, 171.36, -0.06426236340796442, 0.009764663292849184
3.69, 72.0, 172.08000000000004, -0.06437999267028234, 0.008956368894501443
3.7, 72.0, 172.8, -0.06448745558544107, 0.008146660181679767
3.71, 72.0, 173.52000000000004, -0.06458473518380055, 0.007335665016776264
3.72, 72.0, 174.24, -0.06467181610378452, 0.006523511465328974
3.73, 72.0, 174.96000000000004, -0.06474868459430622, 0.005710327775798277
3.74, 72.0, 175.68, -0.06481532851693991, 0.004896242359315619
3.75, 72.0, 176.40000000000003, -0.06487173734783766, 0.004081383769405325
3.7600000000000002, 72.0, 177.12, -0.06491790217939114, 0.003265880681685028
3.77, 72.0, 177.84000000000003, -0.0649538157216383, 0.002449861873545716
3.7800000000000002, 72.0, 178.56000000000006, -0.06497947230341451, 0.0016334562038168713
3.79, 72.0, 179.28000000000003, -0.06499486787324806, 0.0008167925924178767
3.8000000000000003, 72.0, 180.00000000000006, -0.065, -4.9771393086050345e-17
3.81, 72.0, 180.72000000000003, -0.06499486787324806, -0.0008167925924179474
3.8200000000000003, 72.0, 181.44000000000005, -0.0649794723034145, -0.0016334562038169999
3.83, 72.0, 182.16000000000003, -0.0649538157216383, -0.002449861873545758
3.84, 72.0, 182.88, -0.06491790217939114, -0.0032658806816850123
3.85, 72.0, 183.60000000000002, -0.06487173734783766, -0.004081383769405395
3.86, 72.0, 184.32, -0.06481532851693991, -0.004896242359315603
3.87, 72.0, 185.04000000000002, -0.06474868459430622, -0.005710327775798317
3.88, 72.0, 185.76, -0.06467181610378452, -0.006523511465328958
3.89, 72.0, 186.48000000000002, -0.06458473518380055, -0.0073356650167763346
3.9, 72.0, 187.2, -0.06448745558544107, -0.00814666018167975
3.91, 72.0, 187.92000000000002, -0.06437999267028233, -0.008956368894501484
3.92, 72.0, 188.64, -0.06426236340796442, -0.009764663292849196
3.93, 72.0, 189.36, -0.06413458637351142, -0.010571415737667459
3.94, 72.0, 190.08000000000004, -0.06399668174439835, -0.011376498833392973
3.95, 72.0, 190.8, -0.06384867129736477, -0.012179785448072111
3.96, 72.0, 191.52000000000004, -0.06369057840497604, -0.0129811487334365
3.97, 72.0, 192.24, -0.06352242803193257, -0.013780462144933546
3.98, 72.0, 192.96000000000004, -0.06334424673112751, -0.014577599461709808
3.99, 72.0, 193.68, -0.06315606263945381, -0.015372434806542112
4.0, 72.0, 194.40000000000003, -0.06295790547336101, -0.016164842665715603
4.01, 72.0, 195.12, -0.0627498065241628, -0.016954697908843294
4.0200000000000005, 72.0, 195.84000000000003, -0.06253179865309558, -0.01774187580862617
4.03, 72.0, 196.56000000000006, -0.06230391628612942, -0.01852625206054851
4.04, 72.0, 197.28000000000003, -0.06206619540853178, -0.01930770280250731
4.05, 72.0, 198.0, -0.06181867355918499, -0.020086104634371573
4.0600000000000005, 72.0, 198.72000000000003, -0.06156138982465837, -0.020861334637468643
4.07, 72.0, 199.44000000000005, -0.061294384833036175, -0.02163327039399419
4.08, 72.0, 200.16000000000003, -0.06101770074750182, -0.02240179000634362
4.09, 72.0, 200.88, -0.06073138125967979, -0.023166772116361287
4.1, 72.0, 201.59999999999997, -0.06043547158273636, -0.023928095924504036
4.11, 72.0, 202.32000000000005, -0.060130018444239756, -0.02468564120891713
4.12, 72.0, 203.04000000000008, -0.059815070078781535, -0.02543928834441825
4.13, 72.0, 203.76000000000005, -0.059490676220359626, -0.026188918321388116
4.14, 72.0, 204.48000000000002, -0.05915688809452471, -0.02693441276456349
4.15, 72.0, 205.20000000000005, -0.058813758410291246, -0.027675653951729776
4.16, 72.0, 205.92000000000007, -0.05846134135181409, -0.0284125248323107
4.17, 72.0, 206.64000000000004, -0.05809969256983213, -0.029144909045852138
4.18, 72.0, 207.36, -0.057728869172880386, -0.02987269094039673
4.19, 72.0, 208.0800000000001, -0.05734892971827191, -0.030595755590746718
4.2, 72.0, 208.80000000000007, -0.05695993420285111, -0.03131398881661155
4.21, 72.0, 209.52000000000004, -0.05656194405351915, -0.03202727720063899
4.22, 72.0, 210.24, -0.0561550221175343, -0.032735508106324446
4.23, 72.0, 210.9600000000001, -0.05573923265258734, -0.03343856969579802
4.24, 72.0, 211.68000000000006, -0.05531464131665494, -0.034136350947484274
4.25, 72.0, 212.40000000000003, -0.05488131515763096, -0.03482874167363482
4.26, 72.0, 213.12, -0.05443932260273922, -0.035515632537727486
4.2700000000000005, 72.0, 213.8400000000001, -0.053988733447727776, -0.03619691507173229
4.28, 72.0, 214.56000000000006, -0.05352961884584775, -0.03687248169323923
4.29, 72.0, 215.28000000000003, -0.05306205129661694, -0.03754222572244743
4.3, 72.0, 216.00000000000006, -0.05258610463437156, -0.03820604139901079
4.3100000000000005, 72.0, 216.72000000000008, -0.052101854016606934, -0.0388638238987388
4.32, 72.0, 217.44000000000005, -0.051609375912109255, -0.0395154693501494
4.33, 72.0, 218.16000000000008, -0.05110874808888017, -0.04016087485087181
4.34, 72.0, 218.88000000000005, -0.050600049601856496, -0.04079993848389557
4.3500000000000005, 72.0, 219.60000000000008, -0.050083360780426245, -0.041432559333664895
4.36, 72.0, 220.32000000000005, -0.049558763215744074, -0.042058637502013926
4.37, 72.0, 221.04000000000008, -0.04902633974784669, -0.04267807412394224
4.38, 72.0, 221.76000000000005, -0.048486174452571806, -0.04329077138322639
4.39, 72.0, 222.48000000000002, -0.047938352628281285, -0.04389663252786661
4.4, 72.0, 223.20000000000005, -0.04738296078239171, -0.044495561885364805
4.41, 72.0, 223.92000000000007, -0.046820086617713905, -0.04508746487783237
4.42, 72.0, 224.64000000000004, -0.04624981901860352, -0.045672248036925225
4.43, 72.0, 225.36, -0.045672248036925184, -0.04624981901860356
4.44, 72.0, 226.0800000000001, -0.045087464877832245, -0.04682008661771403
4.45, 72.0, 226.80000000000007, -0.044495561885364715, -0.0473829607823918
4.46, 72.0, 227.52000000000004, -0.043896632527866554, -0.04793835262828133
4.47, 72.0, 228.24, -0.04329077138322636, -0.04848617445257184
4.48, 72.0, 228.9600000000001, -0.04267807412394208, -0.04902633974784683
4.49, 72.0, 229.68000000000006, -0.042058637502013836, -0.04955876321574416
4.5, 72.0, 230.40000000000003, -0.04143255933366482, -0.05008336078042631
4.51, 72.0, 231.12, -0.040799938483895515, -0.05060004960185653
4.5200000000000005, 72.0, 231.8400000000001, -0.04016087485087167, -0.05110874808888028
4.53, 72.0, 232.56000000000006, -0.03951546935014928, -0.05160937591210935
4.54, 72.0, 233.28000000000003, -0.03886382389873869, -0.052101854016607003
4.55, 72.0, 234.00000000000006, -0.038206041399010716, -0.05258610463437161
4.5600000000000005, 72.0, 234.72000000000008, -0.0375422257224473, -0.05306205129661702
4.57, 72.0, 235.44000000000005, -0.036872481693239124, -0.05352961884584782
4.58, 72.0, 236.16000000000008, -0.036196915071732165, -0.05398873344772786
4.59, 72.0, 236.88000000000005, -0.03551563253772743, -0.05443932260273925
4.6000000000000005, 72.0, 237.60000000000008, -0.034828741673634714, -0.054881315157631026
4.61, 72.0, 238.32000000000005, -0.03413635094748419, -0.055314641316654985
4.62, 72.0, 239.04000000000008, -0.03343856969579784, -0.05573923265258745
4.63, 72.0, 239.76000000000005, -0.03273550810632442, -0.05615502211753432
4.64, 72.0, 240.48000000000002, -0.03202727720063896, -0.056561944053519164
4.65, 72.0, 241.20000000000005, -0.031313988816611446, -0.05695993420285116
4.66, 72.0, 241.92000000000007, -0.03059575559074656, -0.057348929718272
4.67, 72.0, 242.64000000000004, -0.029872690940396646, -0.05772886917288043
4.68, 72.0, 243.36, -0.02914490904585208, -0.058099692569832155
4.69, 72.0, 244.0800000000001, -0.028412524832310562, -0.05846134135181416
4.7, 72.0, 244.80000000000007, -0.027675653951729638, -0.05881375841029131
4.71, 72.0, 245.52000000000004, -0.02693441276456343, -0.05915688809452474
4.72, 72.0, 246.24, -0.02618891832138808, -0.05949067622035964
4.73, 72.0, 246.9600000000001, -0.025439288344418054, -0.05981507007878162
4.74, 72.0, 247.68000000000006, -0.024685641208917017, -0.0601300184442398
4.75, 72.0, 248.40000000000003, -0.02392809592450406, -0.06043547158273635
4.76, 72.0, 249.12, -0.023166772116361277, -0.06073138125967979
4.7700000000000005, 72.0, 249.8400000000001, -0.02240179000634353, -0.061017700747501846
4.78, 72.0, 250.56000000000006, -0.02163327039399405, -0.061294384833036224
4.79, 72.0, 251.28000000000003, -0.02086133463746858, -0.06156138982465839
4.8, 72.0, 252.00000000000006, -0.02008610463437154, -0.061818673559184995
4.8100000000000005, 72.0, 252.72000000000008, -0.01930770280250716, -0.06206619540853183
4.82, 72.0, 253.44000000000005, -0.01852625206054839, -0.062303916286129454
4.83, 72.0, 254.16000000000008, -0.017741875808626073, -0.0625317986530956
4.84, 72.0, 254.88000000000005, -0.01695469790884323, -0.06274980652416283
4.8500000000000005, 72.0, 255.60000000000008, -0.01616484266571548, -0.06295790547336104
4.86, 72.0, 256.32000000000005, -0.015372434806542075, -0.06315606263945382
4.87, 72.0, 257.0400000000001, -0.014577599461709684, -0.06334424673112754
4.88, 72.0, 257.76000000000005, -0.01378046214493351, -0.06352242803193259
4.89, 72.0, 258.48, -0.012981148733436462, -0.06369057840497605
4.9, 72.0, 259.20000000000005, -0.012179785448072045, -0.06384867129736478
4.91, 72.0, 259.9200000000001, -0.01137649883339288, -0.06399668174439836
4.92, 72.0, 260.64000000000004, -0.010571415737667365, -0.06413458637351144
4.93, 72.0, 261.36, -0.009764663292849187, -0.06426236340796442
4.94, 72.0, 262.0800000000001, -0.00895636889450139, -0.06437999267028234
4.95, 72.0, 262.80000000000007, -0.008146660181679685, -0.06448745558544107
4.96, 72.0, 263.52000000000004, -0.007335665016776269, -0.06458473518380055
4.97, 72.0, 264.24, -0.006523511465328978, -0.06467181610378452
4.98, 72.0, 264.9600000000001, -0.005710327775798194, -0.06474868459430622
4.99, 72.0, 265.68000000000006, -0.004896242359315565, -0.06481532851693991
5.0, 72.0, 266.40000000000003, -0.004081383769405359, -0.06487173734783766
5.01, 64.80000000000015, 267.084, -0.003306669155256857, -0.06491583735189489
5.0200000000000005, 57.59999999999967, 267.6960000000001, -0.0026131007085918537, -0.06494745341186794
5.03, 50.39999999999982, 268.23600000000005, -0.0020008783876744977, -0.06496919643706345
5.04, 43.199999999999974, 268.704, -0.0014701399905874238, -0.06498337239946905
5.05, 36.00000000000013, 269.1, -0.00102097562526835, -0.06499198111130794
5.0600000000000005, 28.799999999999642, 269.42400000000004, -0.0006534402651874753, -0.06499671542331836
5.07, 21.599999999999795, 269.67600000000004, -0.00036756438149655485, -0.064998960733426
5.08, 14.399999999999949, 269.85600000000005, -0.00016336264600517474, -0.06499979471233652
5.09, 7.200000000000102, 269.96400000000006, -4.0840701809419934e-05, -0.0649999871695147
5.1000000000000005, -3.836930773104541e-13, 270.00000000000006, 4.5791290988821444e-17, -0.065
