0.0, 0.0, 0.0, 0.0, 0.0, 0.1365
0.01, 0.036000000000000004, 0.008159998389280613, 5.127078873310258e-06, 4.079999194640306e-05, 0.13650002563539437
0.02, 0.14400000000000002, 0.016319948457005105, 4.1016590504700816e-05, 0.00016319948457005104, 0.13650041016590506
0.03, 0.32399999999999995, 0.024479608596219515, 0.0001384304009082494, 0.0003671941289432927, 0.13650207645601364
0.04, 0.5760000000000001, 0.03263835063718633, 0.00032812754239568853, 0.0006527670127437266, 0.13650656255084792
0.05, 0.9, 0.04079496660525175, 0.0006408585463222836, 0.0010198741651312939, 0.13651602146365807
0.06, 1.2959999999999998, 0.0489474755796616, 0.0011073546759870886, 0.001468424267389848, 0.13653322064027962
0.07, 1.7640000000000005, 0.05709293077669329, 0.0017583103615995558, 0.0019982525771842655, 0.13656154086265598
0.08, 2.3040000000000003, 0.06522722705733444, 0.0026243571424135847, 0.0026090890822933776, 0.13660497428569654
0.09, 2.916, 0.07334490915574093, 0.0037360274271086803, 0.003300520912008342, 0.1366681212342199
0.1, 3.6, 0.08143898103974696, 0.005123706393591972, 0.0040719490519873485, 0.13675618531967962
0.11, 4.319999999999999, 0.0813681662612661, 0.0061466673310793096, 0.0048856307146000096, 0.1368176519929904
0.12, 5.039999999999999, 0.08128450250608288, 0.0071686576385406415, 0.005697639102109005, 0.13689955847245042
0.13, 5.76, 0.0811880029856741, 0.008189515931859135, 0.006507589141557571, 0.13700187079763537
0.14, 6.48, 0.08107868293843269, 0.009209081005676106, 0.007315096369524657, 0.13712454855990666
0.15, 7.199999999999999, 0.0809565596272614, 0.010227191858847226, 0.008119777033350418, 0.13726754491262197
0.16, 7.92, 0.08082165233684674, 0.011243687719866467, 0.008921248192198153, 0.1374308065828716
0.17, 8.64, 0.0806739823706138, 0.012258408072253778, 0.009719127817930315, 0.13761427388473738
0.18, 9.36, 0.08051357304736204, 0.013271192679902502, 0.01051303489577631, 0.1378178807340718
0.19, 10.08, 0.08034044969758317, 0.014281881612382526, 0.011302589524769834, 0.13804155466479404
0.2, 10.8, 0.080154639659461, 0.01529031527019513, 0.012087413017933448, 0.13828521684669912
0.21, 11.52, 0.07995617227455455, 0.01629633440997561, 0.012867128002188349, 0.13854878210477692
0.22, 12.24, 0.0797450788831646, 0.017299780169639657, 0.013641358517967099, 0.13883215894003637
0.23, 12.959999999999999, 0.0795213928193847, 0.018300494093469503, 0.01440973011850736, 0.13913524955183065
0.24, 13.679999999999998, 0.0792851494058374, 0.01929831815713593, 0.015171869968804584, 0.13945794986167864
0.25, 14.399999999999999, 0.07903638594809631, 0.02029309479265215, 0.015927406944201795, 0.13980014953857745
0.26, 15.12, 0.07877514172879516, 0.021284666913255593, 0.01667597172859457, 0.1401617320258005
0.27, 15.84, 0.07850145800142462, 0.02227287793821374, 0.017417196912229534, 0.14054257456917593
0.28, 16.560000000000002, 0.07821537798381788, 0.023257571817550057, 0.018150717089074567, 0.1409425482468386
0.29, 17.279999999999998, 0.07791694685132607, 0.024238593056686047, 0.0188761689537393, 0.14136151800044996
0.3, 18.0, 0.07760621172968453, 0.02521578674099571, 0.019593191397924252, 0.14179934266787875
0.31, 18.72, 0.07728322168757114, 0.026188998560268295, 0.020301425606377287, 0.14225587501733594
0.32, 19.44, 0.07694802772885774, 0.027158074833075713, 0.02100051515233605, 0.14273096178295627
0.33, 20.160000000000004, 0.07660068278455613, 0.0281228625310406, 0.02169010609243526, 0.14322444370181894
0.34, 20.880000000000003, 0.07624124170445955, 0.02908320930300126, 0.022369847061057643, 0.1437361555523999
0.35000000000000003, 21.6, 0.07586976124848131, 0.030038963499069725, 0.023039389364107675, 0.14426592619444703
0.36, 22.32, 0.07548630007769178, 0.030989974194578974, 0.02369838707218721, 0.14481357861027014
0.37, 23.040000000000003, 0.07509091874505502, 0.031936091213915725, 0.024346497113152205, 0.14537892994743684
0.38, 23.760000000000005, 0.07468367968586688, 0.032877165154234875, 0.024983379364030077, 0.14596179156286537
0.39, 24.480000000000004, 0.07426464720789565, 0.03381304740905199, 0.025608696742277087, 0.14656196906830468
0.4, 25.200000000000003, 0.0738338874812272, 0.03474359019170994, 0.026222115296355514, 0.1471792623771926
0.41000000000000003, 25.920000000000005, 0.07339146852781588, 0.035668646558716134, 0.02682330429561027, 0.14781346575288162
0.42, 26.639999999999997, 0.07293746021074313, 0.03658807043294663, 0.027411936319425144, 0.14846436785822253
0.43, 27.36, 0.07247193422318525, 0.03750171662671341, 0.02798768734563848, 0.14913175180649502
0.44, 28.08, 0.07199496407709219, 0.038409440864691134, 0.02855023683819869, 0.1498153952136746
0.45, 28.8, 0.07150662509157928, 0.03931109980669997, 0.029099267834040092, 0.1505150702520246
0.46, 29.52, 0.0710069943810333, 0.040206551070340595, 0.02963446702915934, 0.15123054370500222
0.47000000000000003, 30.240000000000002, 0.07049615084293537, 0.04109565325347808, 0.030155524863873434, 0.1519615770234665
0.48, 30.96, 0.06997417514540202, 0.04197826595657093, 0.03066213560724012, 0.15270792638317657
0.49, 31.680000000000003, 0.06944114971444686, 0.04285424980484173, 0.031153997440621625, 0.15346934274356788
0.5, 32.4, 0.06889715872096444, 0.04372346647028613, 0.03163081254037313, 0.15424557190779406
0.51, 33.120000000000005, 0.06834228806743876, 0.04458577869351636, 0.032092287159637245, 0.15503635458402132
0.52, 33.84, 0.06777662537437831, 0.04544105030543615, 0.032538131709226245, 0.15584142644796278
0.53, 34.56, 0.06720025996647969, 0.046289146248743335, 0.032968060837573615, 0.15666051820663923
0.54, 35.28, 0.06661328285852221, 0.04712993259925703, 0.03338179350973712, 0.1574933556633527
0.55, 36.00000000000001, 0.0660157867409957, 0.04796327658706582, 0.03377905308543542, 0.15833965978385922
0.56, 36.720000000000006, 0.06540786596546352, 0.04878904661749355, 0.03415956739610058, 0.15919914676372665
0.5700000000000001, 37.440000000000005, 0.06478961652966336, 0.049607112291879814, 0.034523068820929134, 0.16007152809686312
0.58, 38.160000000000004, 0.06416113606234809, 0.05041734442817129, 0.03486929436191443, 0.16095651064520183
0.59, 38.88, 0.0635225238078691, 0.05121961508132117, 0.03519798571784321, 0.161853796709527
0.6, 39.6, 0.0628738806105044, 0.052013797563493086, 0.03550888935723955, 0.16276308410142615
0.61, 40.32, 0.062215308898534154, 0.05279976646406665, 0.03580175659023977, 0.1636840662163536
0.62, 41.04, 0.06154691266806608, 0.053577397669441244, 0.03607634363938171, 0.16461643210778906
0.63, 41.760000000000005, 0.060868797466613264, 0.05434656838263494, 0.036332411709292384, 0.16555986656247612
0.64, 42.480000000000004, 0.060181070376427, 0.055107157142675604, 0.03656972705525793, 0.16651405017672444
0.65, 43.2, 0.05948383999758719, 0.05585904384378101, 0.036788061050660306, 0.16747865943375917
0.66, 43.92000000000001, 0.0587772164308532, 0.0566021097543249, 0.03698719025326515, 0.16845336678210154
0.67, 44.64000000000001, 0.05806131126027768, 0.05733623753558611, 0.03716689647034563, 0.1694378407149637
0.68, 45.36000000000001, 0.05733623753558609, 0.0580613112602777, 0.03732696682262728, 0.1704317458506407
0.6900000000000001, 46.080000000000005, 0.05660210975432488, 0.05877721643085321, 0.037467193807039036, 0.171434743013883
0.7000000000000001, 46.800000000000004, 0.055859043843780994, 0.05948383999758719, 0.03758737535825595, 0.17244648931823192
0.71, 47.52, 0.05510715714267559, 0.060181070376427, 0.037687314909019456, 0.1734666382493001
0.72, 48.24, 0.05434656838263493, 0.060868797466613264, 0.03776682144922101, 0.17449483974897984
0.73, 48.96, 0.053577397669441244, 0.06154691266806607, 0.03782570958373534, 0.17553074030056123
0.74, 49.68, 0.052799766464066665, 0.062215308898534154, 0.03786379958899002, 0.17657398301474148
0.75, 50.400000000000006, 0.05201379756349308, 0.0628738806105044, 0.037880917468257856, 0.17762420771650747
0.76, 51.120000000000005, 0.051219615081321154, 0.06352252380786912, 0.037876895005659314, 0.17868105103287324
0.77, 51.84, 0.05041734442817127, 0.0641611360623481, 0.037851569818862105, 0.17974414648145284
0.78, 52.56, 0.0496071122918798, 0.06478961652966336, 0.03780478541046561, 0.1808131245598507
0.79, 53.28000000000001, 0.04878904661749354, 0.06540786596546354, 0.03773639121805789, 0.18188761283584945
0.8, 54.00000000000001, 0.047963276587065805, 0.06601578674099572, 0.03764624266293342, 0.1829672360383766
0.81, 54.720000000000006, 0.04712993259925703, 0.06661328285852222, 0.03753420119745984, 0.18405161614923038
0.8200000000000001, 55.440000000000005, 0.04628914624874333, 0.06720025996647969, 0.03740013435108255, 0.185140372495545
0.8300000000000001, 56.16000000000001, 0.04544105030543613, 0.06777662537437833, 0.03724391577495573, 0.1862331218429758
0.84, 56.88, 0.044585778693516355, 0.06834228806743878, 0.037065425285189454, 0.1873294784895843
0.85, 57.6, 0.04372346647028612, 0.06889715872096444, 0.036864548904701935, 0.18842905436040294
0.86, 58.32, 0.04285424980484173, 0.06944114971444686, 0.03664117890366707, 0.18953145910265923
0.87, 59.04, 0.04197826595657093, 0.06997417514540204, 0.036395213838546964, 0.19063630018163918
0.88, 59.760000000000005, 0.041095653253478075, 0.07049615084293537, 0.03612655858970025, 0.1917431829771692
0.89, 60.480000000000004, 0.040206551070340595, 0.0710069943810333, 0.03583512439755642, 0.19285171088069591
0.9, 61.2, 0.03931109980669996, 0.07150662509157928, 0.03552082889734732, 0.19396148539294303
0.91, 61.92000000000001, 0.03840944086469112, 0.0719949640770922, 0.035183596152387156, 0.1950721062221243
0.92, 62.64000000000001, 0.0375017166267134, 0.07247193422318525, 0.03482335668589234, 0.19618317138269153
0.93, 63.36000000000001, 0.03658807043294663, 0.07293746021074313, 0.034440047511333054, 0.19729427729459642
0.9400000000000001, 64.08, 0.035668646558716134, 0.07339146852781588, 0.0340336121613089, 0.19840501888304496
0.9500000000000001, 64.8, 0.03474359019170993, 0.0738338874812272, 0.03360400071494079, 0.19951498967872272
0.96, 65.52, 0.033813047409052, 0.07426464720789565, 0.033151169823772066, 0.20062378191846986
0.97, 66.24, 0.032877165154234875, 0.07468367968586688, 0.03267508273617169, 0.20173098664638378
0.98, 66.96, 0.03193609121391573, 0.07509091874505502, 0.03217570932023319, 0.20283619381532803
0.99, 67.67999999999999, 0.030989974194578992, 0.07548630007769178, 0.03165302608516265, 0.2039389923888253
1.0, 68.39999999999999, 0.030038963499069735, 0.07586976124848131, 0.03110701620115011, 0.2050389704433128
1.01, 69.11999999999999, 0.029083209303001276, 0.07624124170445953, 0.03053766951771851, 0.20613571527073776
1.02, 69.84, 0.02812286253104059, 0.07660068278455613, 0.02994498258054469, 0.20722881348147126
1.03, 70.56, 0.027158074833075713, 0.07694802772885774, 0.02932895864674776, 0.20831785110751733
1.04, 71.28, 0.02618899856026829, 0.07728322168757114, 0.02868960769863954, 0.2094024137059965
1.05, 72.0, 0.025215786740995713, 0.07760621172968453, 0.028026946455933274, 0.2104820864628799
1.06, 72.72, 0.024238593056686047, 0.07791694685132607, 0.027340998386405954, 0.21155645429695263
1.07, 73.44, 0.023257571817550057, 0.07821537798381788, 0.026631793715010905, 0.21262510196398293
1.08, 74.16, 0.022272877938213753, 0.0785014580014246, 0.02589936943143683, 0.21368761416107573
1.09, 74.88, 0.021284666913255597, 0.07877514172879516, 0.02514376929611039, 0.21474357563118682
1.1, 75.6, 0.020293094792652167, 0.0790363859480963, 0.024365043844639514, 0.2157925712677759
1.11, 76.32, 0.01929831815713594, 0.07928514940583739, 0.02356325039069465, 0.21683418621957537
1.12, 77.03999999999999, 0.01830049409346952, 0.0795213928193847, 0.022738453027326258, 0.217868005995452
1.1300000000000001, 77.75999999999999, 0.017299780169639668, 0.0797450788831646, 0.021890722626716208, 0.21889361656933914
1.1400000000000001, 78.47999999999999, 0.01629633440997563, 0.07995617227455455, 0.021020136838362007, 0.21991060448521632
1.1500000000000001, 79.2, 0.015290315270195122, 0.080154639659461, 0.020126780085692228, 0.22091855696211365
1.16, 79.91999999999999, 0.014281881612382544, 0.08034044969758317, 0.019210743561112843, 0.22191706199911776
1.17, 80.63999999999999, 0.013271192679902528, 0.08051357304736204, 0.01827212521948305, 0.22290570848035696
1.18, 81.35999999999999, 0.012258408072253795, 0.08067398237061378, 0.017311029770021445, 0.2238840862799425
1.19, 82.07999999999998, 0.011243687719866495, 0.08082165233684674, 0.016327568666641826, 0.22485178636684255
1.2, 82.79999999999998, 0.010227191858847247, 0.08095655962726139, 0.015321860096719318, 0.22580840090966714
1.21, 83.51999999999998, 0.009209081005676136, 0.08107868293843269, 0.014294028968287858, 0.2267535233813399
1.22, 84.23999999999998, 0.008189515931859173, 0.0811880029856741, 0.013244206895669621, 0.22768674866363459
1.23, 84.95999999999998, 0.007168657638540674, 0.08128450250608288, 0.01217253218353831, 0.22860767315155325
1.24, 85.67999999999999, 0.006146667331079331, 0.0813681662612661, 0.011079149809417786, 0.22951589485752294
1.25, 86.39999999999999, 0.005123706393591984, 0.08143898103974696, 0.00996421140461813, 0.23041101351538862
1.26, 87.11999999999999, 0.004099936363469218, 0.08149693565905103, 0.00882787523361164, 0.2312926306841788
1.27, 87.83999999999999, 0.0030755189058666713, 0.08154202096747208, 0.007670306171851354, 0.23216034985162193
1.28, 88.55999999999999, 0.002050615788176361, 0.08157422984551728, 0.006491675682035455, 0.23301377653738997
1.29, 89.27999999999999, 0.0010253888544815865, 0.0815935572070314, 0.005292161788820436, 0.23385251839604698
1.3, 89.99999999999999, 2.311539870240376e-17, 0.0816, 0.004071949051987376, 0.2346761853196796
1.31, 90.72, -0.0010253888544815765, 0.0815935572070314, 0.002831228538064641, 0.2354843895401876
1.32, 91.44, -0.0020506157881763323, 0.08157422984551728, 0.0015701977904122233, 0.23627674573121069
1.33, 92.16, -0.0030755189058666436, 0.08154202096747208, 0.000289060797771377, 0.23705287110967027
1.34, 92.88, -0.004099936363469189, 0.08149693565905103, -0.0010119720387144456, 0.23781238553690287
1.35, 93.6, -0.0051237063935919555, 0.08143898103974696, -0.002332683940002596, 0.23855491161936332
1.36, 94.32, -0.006146667331079303, 0.0813681662612661, -0.003672851785172573, 0.2392800748088749
1.37, 95.03999999999999, -0.007168657638540627, 0.08128450250608288, -0.005032246148959248, 0.23998750350240486
1.3800000000000001, 95.75999999999999, -0.008189515931859128, 0.0811880029856741, -0.006410631340792335, 0.24067682914134245
1.3900000000000001, 96.47999999999999, -0.009209081005676089, 0.08107868293843269, -0.007807765445334807, 0.24134768631025777
1.4000000000000001, 97.2, -0.010227191858847236, 0.08095655962726139, -0.00922340036451406, 0.24199971283511942
1.41, 97.91999999999999, -0.011243687719866448, 0.08082165233684675, -0.010657281861037697, 0.24263254988094884
1.42, 98.63999999999999, -0.012258408072253748, 0.0806739823706138, -0.012109149603387598, 0.2432458420488898
1.43, 99.35999999999999, -0.013271192679902483, 0.08051357304736205, -0.01357873721228295, 0.2438392374726711
1.44, 100.07999999999998, -0.014281881612382499, 0.08034044969758317, -0.015065772308605197, 0.24441238791444103
1.45, 100.79999999999998, -0.01529031527019511, 0.080154639659461, -0.016569976562776048, 0.24496494885995196
1.46, 101.51999999999998, -0.016296334409975584, 0.07995617227455457, -0.018091065745579442, 0.2454965796130738
1.47, 102.23999999999998, -0.017299780169639623, 0.07974507888316461, -0.019628749780418932, 0.2460069433896151
1.48, 102.95999999999998, -0.018300494093469476, 0.07952139281938471, -0.021182732797000524, 0.24649570741043048
1.49, 103.67999999999999, -0.019298318157135914, 0.0792851494058374, -0.022752713186431572, 0.24696254299379358
1.5, 104.39999999999999, -0.02029309479265214, 0.07903638594809631, -0.024338383657725643, 0.24740712564701445
1.51, 105.11999999999999, -0.02128466691325557, 0.07877514172879517, -0.025939431295703003, 0.24782913515728078
1.52, 105.83999999999999, -0.022272877938213725, 0.07850145800142462, -0.02755553762027614, 0.24822825568170256
1.53, 106.55999999999999, -0.02325757181755003, 0.07821537798381788, -0.02918637864710919, 0.24860417583653915
1.54, 107.27999999999999, -0.024238593056686037, 0.07791694685132608, -0.03083162494964054, 0.24895658878558916
1.55, 107.99999999999999, -0.025215786740995685, 0.07760621172968454, -0.032490941722456396, 0.24928519232772217
1.56, 108.72, -0.026188998560268302, 0.07728322168757114, -0.03416398884600437, 0.24958968898353345
1.57, 109.44, -0.027158074833075706, 0.07694802772885775, -0.03585042095263394, 0.2498697860811005
1.58, 110.16, -0.02812286253104058, 0.07660068278455615, -0.03754988749395271, 0.2501251958408227
1.59, 110.88, -0.029083209303001255, 0.07624124170445956, -0.039262032809484516, 0.2503556354593244
1.6, 111.6, -0.030038963499069708, 0.07586976124848133, -0.04098649619661721, 0.2505608271924016
1.61, 112.32, -0.030989974194578964, 0.07548630007769178, -0.042722911981826886, 0.2507404984369942
1.62, 113.03999999999999, -0.031936091213915704, 0.07509091874505502, -0.04447090959316452, 0.2508943818121632
1.6300000000000001, 113.75999999999999, -0.03287716515423487, 0.07468367968586688, -0.046230113633992, 0.25102221523905593
1.6400000000000001, 114.47999999999999, -0.03381304740905197, 0.07426464720789566, -0.048000143957952685, 0.25112374201983895
1.6500000000000001, 115.2, -0.03474359019170994, 0.0738338874812272, -0.04978061574516306, 0.25119871091558177
1.6600000000000001, 115.92, -0.03566864655871614, 0.07339146852781588, -0.051571139579609834, 0.2512468762230724
1.67, 116.63999999999999, -0.03658807043294662, 0.07293746021074314, -0.053371321527738845, 0.2512679978505463
1.68, 117.35999999999999, -0.03750171662671337, 0.07247193422318525, -0.055180763218219776, 0.2512618413923123
1.69, 118.07999999999998, -0.03840944086469111, 0.07199496407709222, -0.05699906192287151, 0.25122817820225624
1.7, 118.79999999999998, -0.03931109980669995, 0.07150662509157928, -0.05882581063873257, 0.2511667854662064
1.71, 119.51999999999998, -0.04020655107034059, 0.0710069943810333, -0.06066059817126099, 0.2510774462731432
1.72, 120.23999999999998, -0.041095653253478054, 0.0704961508429354, -0.0625030092186471, 0.25095994968523494
1.73, 120.95999999999998, -0.0419782659565709, 0.06997417514540204, -0.06435262445722321, 0.25081409080668493
1.74, 121.67999999999999, -0.04285424980484172, 0.06944114971444687, -0.06620902062795306, 0.25063967085137245
1.75, 122.39999999999999, -0.04372346647028611, 0.06889715872096444, -0.06807177062398473, 0.2504364972092709
1.76, 123.11999999999999, -0.044585778693516355, 0.06834228806743878, -0.06994044357924979, 0.250204383511628
1.77, 123.83999999999999, -0.04544105030543611, 0.06777662537437834, -0.07181460495809096, 0.24994314969489143
1.78, 124.55999999999999, -0.046289146248743314, 0.0672002599664797, -0.07369381664590141, 0.2496526220633655
1.79, 125.27999999999999, -0.047129932599257025, 0.06661328285852222, -0.07557763704075703, 0.24933263335058214
1.8, 125.99999999999999, -0.047963276587065805, 0.06601578674099572, -0.07746562114602451, 0.24898302277937231
1.81, 126.72, -0.04878904661749355, 0.06540786596546352, -0.07935732066392662, 0.24860363612062222
1.82, 127.44, -0.049607112291879814, 0.06478961652966336, -0.08125228409004592, 0.2481943257507006
1.83, 128.16, -0.05041734442817127, 0.06416113606234812, -0.08315005680874894, 0.24775495070754183
1.84, 128.88, -0.051219615081321154, 0.06352252380786912, -0.08505018118951146, 0.24728537674537188
1.85, 129.6, -0.052013797563493086, 0.0628738806105044, -0.08695219668412554, 0.2467854763880623
1.86, 130.32, -0.05279976646406664, 0.06221530889853417, -0.08885563992476993, 0.24625512898109975
1.87, 131.04, -0.05357739766944124, 0.06154691266806609, -0.09076004482292364, 0.24569422074215658
1.8800000000000001, 131.76, -0.05434656838263493, 0.06086879746661327, -0.09266494266910283, 0.24510264481025124
1.8900000000000001, 132.48, -0.05510715714267559, 0.060181070376427, -0.09456986223340196, 0.24448030129348391
1.9000000000000001, 133.2, -0.05585904384378098, 0.059483839997587204, -0.09647432986681842, 0.24382709731533658
1.9100000000000001, 133.92, -0.05660210975432487, 0.05877721643085322, -0.09837786960334068, 0.24314294705952394
1.92, 134.64, -0.05733623753558609, 0.0580613112602777, -0.10028000326277932, 0.242427771813385
1.93, 135.35999999999999, -0.05806131126027766, 0.05733623753558612, -0.10218025055432076, 0.2416815000098022
1.94, 136.07999999999998, -0.05877721643085318, 0.05660210975432491, -0.10407812918078249, 0.24090406726763744
1.95, 136.79999999999998, -0.05948383999758717, 0.055859043843781014, -0.1059731549435489, 0.24009541643067447
1.96, 137.51999999999998, -0.06018107037642699, 0.05510715714267561, -0.10786484184816685, 0.23925549760505624
1.97, 138.23999999999998, -0.060868797466613236, 0.05434656838263497, -0.1097527022105794, 0.23838426819520697
1.98, 138.95999999999998, -0.061546912668066056, 0.05357739766944127, -0.11163624676397683, 0.23748169293822918
1.99, 139.67999999999998, -0.06221530889853413, 0.05279976646406668, -0.11351498476624215, 0.23654774393676564
2.0, 140.39999999999998, -0.06287388061050438, 0.05201379756349312, -0.11538842410797095, 0.23558240069031652
2.0100000000000002, 141.12, -0.0635225238078691, 0.05121961508132117, -0.11725607142104265, 0.23458565012500304
2.02, 141.84, -0.0641611360623481, 0.050417344428171286, -0.11911743218772101, 0.23355748662176845
2.0300000000000002, 142.56, -0.06478961652966338, 0.04960711229187979, -0.12097201085026299, 0.23249791204300763
2.04, 143.28, -0.06540786596546352, 0.04878904661749356, -0.12281931092101189, 0.23140693575761712
2.05, 143.99999999999997, -0.06601578674099569, 0.047963276587065846, -0.12465883509295422, 0.230284574664458
2.06, 144.72, -0.06661328285852221, 0.04712993259925704, -0.12649008535071618, 0.22913085321422338
2.07, 145.43999999999997, -0.06720025996647964, 0.04628914624874338, -0.12831256308197753, 0.22794580342970405
2.08, 146.16, -0.06777662537437831, 0.04544105030543616, -0.1301257691892817, 0.22672946492444318
2.09, 146.87999999999997, -0.06834228806743875, 0.0445857786935164, -0.13192920420221574, 0.22548188491977722
2.1, 147.6, -0.06889715872096444, 0.04372346647028613, -0.13372236838994153, 0.22420311826025185
2.11, 148.31999999999996, -0.06944114971444683, 0.04285424980484179, -0.13550476187405075, 0.22289322742741158
2.12, 149.04, -0.06997417514540201, 0.04197826595657095, -0.1372758847417247, 0.22155228255195292
2.13, 149.76, -0.07049615084293537, 0.041095653253478096, -0.13903523715917143, 0.22018036142424013
2.14, 150.48, -0.0710069943810333, 0.040206551070340595, -0.1407823194853206, 0.2187775495031744
2.15, 151.2, -0.07150662509157926, 0.039311099806699994, -0.14251663238575013, 0.21734393992341458
2.16, 151.92, -0.07199496407709219, 0.03840944086469116, -0.14423767694682257, 0.2158796335009434
2.17, 152.64, -0.07247193422318524, 0.03750171662671342, -0.14594495479000608, 0.2143847387369764
2.18, 153.35999999999999, -0.07293746021074311, 0.03658807043294667, -0.14763796818635833, 0.2128593718202087
2.19, 154.07999999999998, -0.07339146852781586, 0.035668646558716155, -0.1493162201711478, 0.21130365662739636
2.2, 154.8, -0.0738338874812272, 0.03474359019170992, -0.15097921465858977, 0.20971772472227043
2.21, 155.51999999999998, -0.07426464720789565, 0.033813047409052, -0.15262645655667245, 0.20810171535277933
2.22, 156.24, -0.07468367968586688, 0.03287716515423488, -0.15425745188205045, 0.20645577544665755
2.23, 156.95999999999998, -0.07509091874505501, 0.03193609121391575, -0.1558717078749798, 0.20478005960532014
2.24, 157.68, -0.07548630007769178, 0.030989974194578964, -0.15746873311427306, 0.2030747300960786
2.25, 158.39999999999998, -0.0758697612484813, 0.03003896349906977, -0.15904803763224742, 0.2013399568426796
2.2600000000000002, 159.12, -0.07624124170445955, 0.02908320930300127, -0.16060913302964527, 0.19957591741416236
2.27, 159.84, -0.07660068278455613, 0.028122862531040595, -0.16215153259049944, 0.19778279701203771
2.2800000000000002, 160.56, -0.07694802772885775, 0.0271580748330757, -0.16367475139692256, 0.19596078845578463
2.29, 161.28, -0.07728322168757114, 0.026188998560268312, -0.16517830644379344, 0.19411009216666722
2.3000000000000003, 162.0, -0.07760621172968453, 0.02521578674099572, -0.16666171675331862, 0.1922309161498702
2.31, 162.72, -0.07791694685132607, 0.02423859305668605, -0.16812450348944324, 0.19032347597495577
2.32, 163.43999999999997, -0.07821537798381785, 0.023257571817550116, -0.16956619007208826, 0.18838799475464085
2.33, 164.16, -0.0785014580014246, 0.022272877938213757, -0.17098630229118952, 0.1864247031218963
2.34, 164.87999999999997, -0.07877514172879514, 0.02128466691325564, -0.17238436842051374, 0.18443383920537224
2.35, 165.6, -0.0790363859480963, 0.020293094792652153, -0.1737599193312293, 0.18241564860314696
2.36, 166.31999999999996, -0.07928514940583739, 0.019298318157135997, -0.17511248860520515, 0.18037038435480696
2.37, 167.04, -0.0795213928193847, 0.018300494093469524, -0.17644161264801592, 0.17829830691185544
2.38, 167.76, -0.0797450788831646, 0.01729978016963967, -0.1777468308016279, 0.17619968410645806
2.39, 168.48, -0.07995617227455455, 0.016296334409975615, -0.17902768545674258, 0.17407479111852378
2.4, 169.2, -0.080154639659461, 0.015290315270195162, -0.18028372216477292, 0.17192391044112848
2.41, 169.92, -0.08034044969758317, 0.014281881612382549, -0.18151448974942977, 0.1697473318442833
2.42, 170.64, -0.08051357304736204, 0.013271192679902517, -0.18271954041789257, 0.16754535233705345
2.43, 171.35999999999999, -0.08067398237061378, 0.012258408072253818, -0.18389842987154276, 0.16531827612803102
2.44, 172.07999999999998, -0.08082165233684674, 0.0112436877198665, -0.185050717416234, 0.1630664145841672
2.45, 172.8, -0.0809565596272614, 0.010227191858847214, -0.18617596607207695, 0.16079008618797055
2.46, 173.51999999999998, -0.08107868293843269, 0.009209081005676122, -0.1872737426827138, 0.15848961649307525
2.47, 174.24, -0.0811880029856741, 0.008189515931859143, -0.18834361802406027, 0.15616533807818578
2.48, 174.95999999999998, -0.08128450250608288, 0.007168657638540678, -0.18938516691248988, 0.1538175904994064
2.49, 175.68, -0.0813681662612661, 0.0061466673310793, -0.19039796831243863, 0.15144672024095915
2.5, 176.39999999999998, -0.08143898103974696, 0.005123706393592025, -0.19138160544340535, 0.14905308066430048
2.5100000000000002, 177.12, -0.08149693565905103, 0.004099936363469205, -0.19233566588632564, 0.1466370319556404
2.52, 177.84, -0.08154202096747208, 0.0030755189058666583, -0.19325974168929508, 0.14419894107187692
2.5300000000000002, 178.56, -0.08157422984551728, 0.0020506157881763293, -0.19415342947261965, 0.1417391816849481
2.54, 179.28, -0.0815935572070314, 0.0010253888544815915, -0.19501633053316927, 0.13925813412461469
2.5500000000000003, 180.0, -0.0816, 9.993117881042403e-18, -0.1958480509480127, 0.13675618531967965
2.56, 180.72, -0.0815935572070314, -0.0010253888544815716, -0.1966482016773099, 0.13423372873765493
2.57, 181.43999999999997, -0.0815742298455173, -0.0020506157881762734, -0.19741639866644034, 0.13169116432288422
2.58, 182.16, -0.08154202096747208, -0.0030755189058666384, -0.19815226294734342, 0.12912889843313036
2.59, 182.87999999999997, -0.08149693565905104, -0.004099936363469148, -0.19885542073904972, 0.12654734377464144
2.6, 183.6, -0.08143898103974696, -0.005123706393591969, -0.19952550354738005, 0.12394691933569968
2.61, 184.31999999999996, -0.08136816626126611, -0.006146667331079244, -0.20016214826379058, 0.12132805031867071
2.62, 185.04, -0.08128450250608288, -0.007168657638540622, -0.20076499726334152, 0.11869116807055724
2.63, 185.76, -0.0811880029856741, -0.008189515931859122, -0.20133369850176808, 0.11603671001207602
2.64, 186.48, -0.08107868293843269, -0.009209081005676103, -0.20186790561163168, 0.11336511956526231
2.65, 187.2, -0.0809565596272614, -0.010227191858847195, -0.2023672779975292, 0.11067684607961926
2.66, 187.92, -0.08082165233684675, -0.011243687719866443, -0.20283148093034034, 0.10797234475682152
2.67, 188.64, -0.0806739823706138, -0.012258408072253762, -0.2032601856404901, 0.10525207657398744
2.68, 189.35999999999999, -0.08051357304736205, -0.01327119267990246, -0.20365306941020675, 0.10251650820553126
2.69, 190.07999999999998, -0.08034044969758317, -0.014281881612382493, -0.20400981566475304, 0.09976611194360896
2.7, 190.8, -0.080154639659461, -0.015290315270195143, -0.20433011406261126, 0.09700136561717224
2.71, 191.51999999999998, -0.07995617227455455, -0.016296334409975598, -0.2046136605846, 0.0942227525096433
2.72, 192.24, -0.0797450788831646, -0.01729978016963965, -0.2048601576219039, 0.09143076127522373
2.73, 192.95999999999998, -0.07952139281938471, -0.018300494093469472, -0.20506931406299442, 0.0886258858538549
2.74, 193.68, -0.07928514940583739, -0.019298318157135945, -0.20524084537942336, 0.08580862538484071
2.75, 194.39999999999998, -0.07903638594809632, -0.0202930947926521, -0.2053744737104679, 0.08297948411915154
2.7600000000000002, 195.12, -0.07877514172879516, -0.021284666913255583, -0.2054699279466078, 0.08013897133041975
2.77, 195.84, -0.07850145800142462, -0.02227287793821374, -0.20552694381181638, 0.07728760122464892
2.7800000000000002, 196.56, -0.07821537798381788, -0.02325757181755006, -0.20554526394464456, 0.07442589284864545
2.79, 197.28, -0.07791694685132608, -0.024238593056686034, -0.2055246379780798, 0.07155436999719418
2.8000000000000003, 198.0, -0.07760621172968454, -0.0252157867409957, -0.20546482261816093, 0.06867356111899121
2.81, 198.72, -0.07728322168757114, -0.026188998560268295, -0.20536558172133043, 0.06578399922135253
2.82, 199.43999999999997, -0.07694802772885777, -0.02715807483307565, -0.20522668637050576, 0.06288622177371384
2.83, 200.16, -0.07660068278455615, -0.028122862531040575, -0.20504791494985092, 0.05998077060993884
2.84, 200.87999999999997, -0.07624124170445956, -0.029083209303001213, -0.20482905321823183, 0.057068191829456286
2.85, 201.6, -0.07586976124848133, -0.03003896349906972, -0.2045698943813363, 0.05414903569723788
2.86, 202.31999999999996, -0.0754863000776918, -0.03098997419457891, -0.20427023916244202, 0.05122385654264182
2.87, 203.04, -0.07509091874505504, -0.0319360912139157, -0.20392989587181512, 0.04829321265713313
2.88, 203.76, -0.07468367968586688, -0.03287716515423487, -0.20354868047472255, 0.045357666190906684
2.89, 204.48, -0.07426464720789565, -0.033813047409051986, -0.20312641665804151, 0.04241778304842457
2.9, 205.2, -0.07383388748122721, -0.0347435901917099, -0.20266293589544884, 0.039474132782891885
2.91, 205.92, -0.07339146852781589, -0.035668646558716106, -0.20215807751117532, 0.03652728848968734
2.92, 206.64, -0.07293746021074314, -0.036588070432946616, -0.20161168874230828, 0.03357782669877016
2.93, 207.35999999999999, -0.07247193422318526, -0.03750171662671337, -0.20102362479962696, 0.03062632726608075
2.94, 208.07999999999998, -0.07199496407709222, -0.038409440864691106, -0.20039374892695452, 0.02767337326395687
2.95, 208.8, -0.07150662509157928, -0.03931109980669998, -0.1997219324590136, 0.024719550870584653
2.96, 209.51999999999998, -0.0710069943810333, -0.04020655107034058, -0.1990080548777679, 0.021765449258505543
2.97, 210.24, -0.07049615084293537, -0.041095653253478075, -0.19825200386723715, 0.018811660482197526
2.98, 210.95999999999998, -0.06997417514540204, -0.0419782659565709, -0.1974536753667705, 0.015858779364755424
2.99, 211.68, -0.06944114971444686, -0.04285424980484174, -0.1966129736227641, 0.012907403383686969
3.0, 212.39999999999998, -0.06889715872096447, -0.043723466470286076, -0.19572981123880961, 0.009958132555850013
3.0100000000000002, 213.12, -0.06834228806743878, -0.044585778693516355, -0.1948041092242595, 0.0070115693215470065
3.02, 213.84, -0.06777662537437831, -0.04544105030543614, -0.19383579704119733, 0.004068318427806111
3.0300000000000002, 214.56, -0.06720025996647967, -0.046289146248743335, -0.1928248126497981, 0.001128986810861654
3.04, 215.28, -0.06661328285852222, -0.047129932599257025, -0.19177110255206797, -0.0018058165221360445
3.0500000000000003, 216.0, -0.06601578674099572, -0.047963276587065805, -0.19067462183395004, -0.004735480612164528
3.06, 216.72, -0.06540786596546354, -0.04878904661749354, -0.18953533420578472, -0.007659392668101256
3.0700000000000003, 217.44, -0.06478961652966336, -0.049607112291879814, -0.18835321204111286, -0.010576938187203427
3.08, 218.16, -0.06416113606234812, -0.050417344428171265, -0.18712823641381005, -0.013487501076270753
3.09, 218.87999999999997, -0.06352252380786914, -0.051219615081321127, -0.18586039713354138, -0.01639046377347053
3.1, 219.6, -0.0628738806105044, -0.05201379756349308, -0.18454969277952585, -0.019285207370799612
3.11, 220.31999999999996, -0.062215308898534195, -0.05279976646406661, -0.18319613073260058, -0.022171111737160853
3.12, 221.04, -0.06154691266806609, -0.05357739766944123, -0.18179972720557225, -0.025047555642032898
3.13, 221.76, -0.06086879746661327, -0.05434656838263492, -0.18036050727185085, -0.02791391687970418
3.14, 222.48, -0.060181070376427, -0.05510715714267559, -0.17887850489235071, -0.030769572394054173
3.15, 223.2, -0.05948383999758721, -0.05585904384378098, -0.17735376294065364, -0.03361389840385237
3.16, 223.92, -0.05877721643085322, -0.05660210975432487, -0.1757863332264235, -0.03644627052855448
3.17, 224.64, -0.0580613112602777, -0.05733623753558609, -0.1741762765170652, -0.03926606391456966
3.18, 225.35999999999999, -0.05733623753558612, -0.05806131126027766, -0.17252366255761792, -0.042072653361975576
3.19, 226.07999999999998, -0.05660210975432491, -0.05877721643085318, -0.1708285700888766, -0.044865413451656705
3.2, 226.8, -0.055859043843780994, -0.05948383999758719, -0.16909108686373372, -0.047643718672840674
3.21, 227.51999999999998, -0.05510715714267561, -0.060181070376426976, -0.1673113096617338, -0.050406943551008276
3.22, 228.24, -0.05434656838263494, -0.060868797466613264, -0.16548934430183368, -0.053154462776153766
3.23, 228.95999999999998, -0.05357739766944127, -0.061546912668066056, -0.16362530565336383, -0.05588565133136714
3.24, 229.68, -0.05279976646406665, -0.062215308898534154, -0.16171931764518194, -0.05859988462171764
3.25, 230.39999999999998, -0.05201379756349312, -0.06287388061050438, -0.15977151327301597, -0.06129653860340917
3.2600000000000002, 231.12, -0.05121961508132114, -0.06352252380786913, -0.15778203460498746, -0.06397498991318684
3.27, 231.84, -0.05041734442817126, -0.06416113606234812, -0.15575103278531555, -0.06663461599796391
3.2800000000000002, 232.56, -0.04960711229187983, -0.06478961652966335, -0.1536786680361905, -0.06927479524464986
3.29, 233.28, -0.04878904661749356, -0.06540786596546352, -0.1515651096578171, -0.07189490711014901
3.3000000000000003, 234.0, -0.04796327658706582, -0.0660157867409957, -0.14941053602662327, -0.07449433225150665
3.31, 234.72, -0.04712993259925704, -0.06661328285852221, -0.14721513459162774, -0.07707245265617665
3.3200000000000003, 235.44, -0.04628914624874333, -0.06720025996647969, -0.14497910186896618, -0.07962865177238498
3.33, 236.16, -0.04544105030543613, -0.06777662537437831, -0.14270264343457134, -0.08216231463956233
3.34, 236.87999999999997, -0.0445857786935164, -0.06834228806743874, -0.14038597391500576, -0.08467282801882187
3.35, 237.6, -0.04372346647028617, -0.06889715872096441, -0.1380293169764427, -0.08715958052345471
3.36, 238.31999999999996, -0.04285424980484176, -0.06944114971444684, -0.13563290531179678, -0.08962196274941708
3.37, 239.04, -0.041978265956570955, -0.06997417514540201, -0.13319698062599966, -0.09205936740578496
3.38, 239.76, -0.0410956532534781, -0.07049615084293535, -0.13072179361942082, -0.09447118944514832
3.39, 240.48, -0.0402065510703406, -0.07100699438103329, -0.12820760396943323, -0.09685682619391991
3.4, 241.2, -0.039311099806699966, -0.07150662509157928, -0.12565468031012253, -0.09921567748253199
3.41, 241.92, -0.038409440864691134, -0.0719949640770922, -0.12306330021014031, -0.10154714577549556
3.42, 242.64, -0.037501716626713456, -0.07247193422318522, -0.12043375014870132, -0.10385063630129532
3.43, 243.35999999999999, -0.03658807043294667, -0.07293746021074311, -0.11776632548972507, -0.10612555718209496
3.44, 244.07999999999998, -0.03566864655871616, -0.07339146852781586, -0.11506133045412463, -0.10837131956322535
3.45, 244.8, -0.03474359019170989, -0.07383388748122723, -0.11231907809024078, -0.1105873377424316
3.46, 245.51999999999998, -0.033813047409052006, -0.07426464720789565, -0.10953989024242738, -0.11277302929884975
3.47, 246.24, -0.03287716515423489, -0.07468367968586688, -0.10672409751778422, -0.11492781522169182
3.48, 246.95999999999998, -0.03193609121391572, -0.07509091874505502, -0.10387203925104778, -0.1170511200386064
3.49, 247.68, -0.030989974194578968, -0.07548630007769178, -0.10098406346763536, -0.11914237194369554
3.5, 248.39999999999998, -0.030038963499069773, -0.0758697612484813, -0.09806052684484988, -0.12120100292515684
3.5100000000000002, 249.12, -0.029083209303001237, -0.07624124170445956, -0.09510179467124687, -0.12322644889252754
3.52, 249.84, -0.02812286253104056, -0.07660068278455615, -0.09210824080417136, -0.12521814980350243
3.5300000000000002, 250.56, -0.02715807483307574, -0.07694802772885773, -0.08908024762546245, -0.12717554979030243
3.54, 251.28, -0.02618899856026832, -0.07728322168757114, -0.08601820599533566, -0.1290980972855651
3.5500000000000003, 252.0, -0.025215786740995724, -0.07760621172968453, -0.0829225152044479, -0.13098524514773208
3.56, 252.72, -0.024238593056686054, -0.07791694685132607, -0.0797935829241464, -0.1328364507859086
3.5700000000000003, 253.44, -0.023257571817550053, -0.07821537798381788, -0.07663182515491133, -0.13465117628416845
3.58, 254.16, -0.02227287793821373, -0.07850145800142462, -0.07343766617299642, -0.13642888852527807
3.59, 254.87999999999997, -0.021284666913255642, -0.07877514172879514, -0.07021153847527484, -0.13816905931381546
3.6, 255.6, -0.020293094792652195, -0.0790363859480963, -0.06695388272229533, -0.13987116549865747
3.61, 256.32, -0.01929831815713597, -0.07928514940583739, -0.0636651476795599, -0.14153468909480965
3.62, 257.04, -0.01830049409346946, -0.07952139281938471, -0.06034579015702514, -0.14315911740455461
3.63, 257.76, -0.017299780169639678, -0.07974507888316458, -0.05699627494684071, -0.14474394313789135
3.64, 258.48, -0.016296334409975622, -0.07995617227455455, -0.05361707475932635, -0.14628866453224354
3.65, 259.2, -0.01529031527019513, -0.080154639659461, -0.050208670157205364, -0.14779278547140695
3.66, 259.92, -0.01428188161238252, -0.08034044969758317, -0.04677154948809442, -0.14925581560371648
3.67, 260.64, -0.013271192679902557, -0.08051357304736202, -0.04330620881526478, -0.15067727045940282
3.68, 261.36, -0.01225840807225375, -0.0806739823706138, -0.03981315184668108, -0.15205667156711777
3.69, 262.08000000000004, -0.011243687719866433, -0.08082165233684675, -0.036292889862333144, -0.15339354656960025
3.7, 262.8, -0.010227191858847184, -0.0809565596272614, -0.03274594163986252, -0.15468742933846147
3.71, 263.52000000000004, -0.009209081005676054, -0.0810786829384327, -0.029172833378503203, -0.15593786008806249
3.72, 264.24, -0.008189515931859147, -0.0811880029856741, -0.025574098621342765, -0.15714438548846066
3.73, 264.96000000000004, -0.007168657638540575, -0.08128450250608288, -0.02195027817591494, -0.15830655877740124
3.74, 265.68, -0.006146667331079305, -0.0813681662612661, -0.018301920033141322, -0.15942393987132902
3.75, 266.40000000000003, -0.005123706393591958, -0.08143898103974696, -0.014629579284623299, -0.16049609547539684
3.7600000000000002, 267.12, -0.004099936363469173, -0.08149693565905103, -0.010933818038309827, -0.16152259919244716
3.77, 267.84000000000003, -0.003075518905866627, -0.0815420209674721, -0.007215205332543172, -0.16250303163094298
3.7800000000000002, 268.56000000000006, -0.0020506157881762257, -0.0815742298455173, -0.0034743170485011625, -0.16343698051182404
3.79, 269.28000000000003, -0.001025388854481524, -0.0815935572070314, 0.00028826417895052485, -0.16432404077426627
3.8000000000000003, 270.00000000000006, 5.748568222596662e-17, -0.0816, 0.004071949051987561, -0.16516381468032043
3.81, 270.72, 0.001025388854481639, -0.0815935572070314, 0.00787614170211423, -0.16595591191840692
3.8200000000000003, 271.44000000000005, 0.002050615788176413, -0.08157422984551728, 0.011700239784003606, -0.16669994970564472
3.83, 272.16, 0.0030755189058666696, -0.08154202096747208, 0.015543634570870025, -0.16739555288899127
3.84, 272.88, 0.004099936363469216, -0.08149693565905103, 0.019405711051362216, -0.16804235404517126
3.85, 273.6, 0.005123706393592, -0.08143898103974696, 0.02328584802795735, -0.16863999357937154
3.86, 274.32, 0.006146667331079276, -0.0813681662612661, 0.027183418216845424, -0.1691881198226809
3.87, 275.04, 0.007168657638540689, -0.08128450250608288, 0.031097788349285747, -0.16968638912825285
3.88, 275.76, 0.008189515931859117, -0.0811880029856741, 0.03502831927441481, -0.1701344659661685
3.89, 276.48, 0.009209081005676096, -0.08107868293843269, 0.03897436606349976, -0.17053202301698034
3.9, 277.2, 0.010227191858847226, -0.0809565596272614, 0.04293527811560681, -0.17087874126391372
3.91, 277.92, 0.011243687719866474, -0.08082165233684674, 0.04691039926467862, -0.17117431008370648
3.92, 278.64, 0.01225840807225372, -0.0806739823706138, 0.05089906788799656, -0.1714184273360651
3.93, 279.36, 0.013271192679902528, -0.08051357304736204, 0.05490061701601403, -0.17161079945171703
3.94, 280.08000000000004, 0.01428188161238256, -0.08034044969758317, 0.05891437444353637, -0.17175114151903975
3.95, 280.8, 0.015290315270195172, -0.080154639659461, 0.06293966284223876, -0.17183917736924526
3.96, 281.52000000000004, 0.016296334409975664, -0.07995617227455454, 0.06697579987449341, -0.17187463966010091
3.97, 282.24, 0.017299780169639647, -0.0797450788831646, 0.07102209830849278, -0.1718572699581674
3.98, 282.96000000000004, 0.018300494093469573, -0.0795213928193847, 0.07507786613464928, -0.171786818819533
3.99, 283.68, 0.019298318157135938, -0.0792851494058374, 0.07914240668324615, -0.17166304586902792
4.0, 284.40000000000003, 0.020293094792652164, -0.0790363859480963, 0.08321501874333079, -0.17148571987789596
4.01, 285.12, 0.02128466691325561, -0.07877514172879514, 0.08729499668281678, -0.1712546188399094
4.0200000000000005, 285.84000000000003, 0.02227287793821377, -0.0785014580014246, 0.09138163056978534, -0.17096953004590487
4.03, 286.56000000000006, 0.02325757181755016, -0.07821537798381785, 0.09547420629495948, -0.17063025015672456
4.04, 287.28000000000003, 0.024238593056686096, -0.07791694685132607, 0.09957200569533056, -0.1702365852745451
4.05, 288.0, 0.025215786740995696, -0.07760621172968454, 0.10367430667892034, -0.16978835101257433
4.0600000000000005, 288.72, 0.026188998560268358, -0.07728322168757111, 0.10778038335065006, -0.16928537256310205
4.07, 289.44000000000005, 0.027158074833075783, -0.07694802772885773, 0.11188950613929821, -0.1687274847638856
4.08, 290.16, 0.028122862531040602, -0.07660068278455613, 0.11600094192552894, -0.16811453216285382
4.09, 290.88, 0.029083209303001276, -0.07624124170445953, 0.12011395417096243, -0.16744636908111393
4.1, 291.59999999999997, 0.03003896349906968, -0.07586976124848133, 0.12422780304826606, -0.16672285967424566
4.11, 292.32000000000005, 0.030989974194579006, -0.07548630007769178, 0.12834174557224917, -0.1659438779918645
4.12, 293.0400000000001, 0.03193609121391583, -0.07509091874505498, 0.132455035731929, -0.1651093080354415
4.13, 293.76000000000005, 0.03287716515423492, -0.07468367968586685, 0.1365669246235541, -0.16421904381436386
4.14, 294.48, 0.03381304740905198, -0.07426464720789566, 0.14067666058455736, -0.1632729894002189
4.15, 295.20000000000005, 0.03474359019170999, -0.07383388748122717, 0.14478348932841284, -0.1622710589792905
4.16, 295.9200000000001, 0.0356686465587162, -0.07339146852781585, 0.14888665408037513, -0.16121317690325276
4.17, 296.64000000000004, 0.036588070432946714, -0.0729374602107431, 0.15298539571408049, -0.16009927773804483
4.18, 297.36, 0.037501716626713436, -0.07247193422318522, 0.15707895288897816, -0.15892930631091612
4.19, 298.0800000000001, 0.03840944086469123, -0.07199496407709215, 0.1611665621885745, -0.15770321775562735
4.2, 298.80000000000007, 0.03931109980670007, -0.07150662509157922, 0.16524745825945766, -0.15642097755579526
4.21, 299.52000000000004, 0.04020655107034064, -0.07100699438103328, 0.16932087395108741, -0.15508256158636718
4.22, 300.24, 0.041095653253478075, -0.07049615084293537, 0.17338604045631703, -0.15368795615321412
4.23, 300.9600000000001, 0.041978265956571045, -0.06997417514540195, 0.1774421874526258, -0.15223715803083054
4.24, 301.68000000000006, 0.042854249804841794, -0.06944114971444683, 0.1814885432440324, -0.1507301744981303
4.25, 302.40000000000003, 0.04372346647028614, -0.06889715872096443, 0.18552433490367484, -0.1491670233723228
4.26, 303.12, 0.04458577869351638, -0.06834228806743875, 0.1895487884170155, -0.1475477330408656
4.2700000000000005, 303.8400000000001, 0.04544105030543623, -0.06777662537437826, 0.19356112882565646, -0.1458723424914778
4.28, 304.56000000000006, 0.046289146248743425, -0.06720025996647962, 0.1975605803717349, -0.14414090134020524
4.29, 305.28000000000003, 0.04712993259925708, -0.0666132828585222, 0.20154636664287454, -0.14235346985752845
4.3, 306.00000000000006, 0.04796327658706585, -0.06601578674099567, 0.20551771071766395, -0.14051011899250226
4.3100000000000005, 306.7200000000001, 0.048789046617493656, -0.06540786596546344, 0.2094738353116357, -0.13861093039492156
4.32, 307.44000000000005, 0.049607112291879855, -0.06478961652966332, 0.21341396292372036, -0.1366559964354997
4.33, 308.1600000000001, 0.05041734442817135, -0.06416113606234805, 0.21733731598315217, -0.13464542022405268
4.34, 308.88000000000005, 0.05121961508132124, -0.06352252380786906, 0.22124311699678942, -0.13257931562568526
4.3500000000000005, 309.6000000000001, 0.05201379756349316, -0.06287388061050435, 0.22513058869683333, -0.13045780727496392
4.36, 310.32000000000005, 0.052799766464066686, -0.062215308898534126, 0.22899895418891147, -0.12828103058807583
4.37, 311.0400000000001, 0.053577397669441335, -0.061546912668066, 0.23284743710050188, -0.1260491317729623
4.38, 311.76000000000005, 0.05434656838263498, -0.06086879746661323, 0.23667526172966508, -0.12376226783742506
4.39, 312.48, 0.05510715714267559, -0.060181070376427004, 0.24048165319406564, -0.12142060659519227
4.4, 313.20000000000005, 0.05585904384378105, -0.059483839997587135, 0.2442658375802459, -0.11902432666994511
4.41, 313.9200000000001, 0.05660210975432494, -0.058777216430853145, 0.24802704209312787, -0.1165736174972975
4.42, 314.64000000000004, 0.057336237535586164, -0.05806131126027762, 0.2517644952057196, -0.11406867932471976
4.43, 315.36, 0.058061311260277707, -0.05733623753558608, 0.25547742680898977, -0.11150972320940811
4.44, 316.0800000000001, 0.058777216430853284, -0.056602109754324816, 0.2591650683618906, -0.10889697101409013
4.45, 316.80000000000007, 0.05948383999758726, -0.05585904384378091, 0.26282665304149194, -0.10623065540076737
4.46, 317.52000000000004, 0.06018107037642703, -0.05510715714267556, 0.2664614158932092, -0.10351101982238586
4.47, 318.24, 0.06086879746661326, -0.05434656838263495, 0.2700685939810873, -0.10073831851243512
4.48, 318.9600000000001, 0.06154691266806616, -0.05357739766944115, 0.27364742653811713, -0.09791281647247266
4.49, 319.68000000000006, 0.062215308898534195, -0.052799766464066596, 0.27719715511655246, -0.09503478945757277
4.5, 320.40000000000003, 0.06287388061050442, -0.05201379756349308, 0.2807170237382068, -0.09210452395968996
4.51, 321.12, 0.06352252380786913, -0.05121961508132114, 0.2842062790446902, -0.08912231718894661
4.5200000000000005, 321.8400000000001, 0.06416113606234818, -0.0504173444281712, 0.2876641704475663, -0.08608847705283715
4.53, 322.56000000000006, 0.06478961652966343, -0.049607112291879724, 0.29108995027839635, -0.08300332213334757
4.54, 323.28000000000003, 0.06540786596546357, -0.0487890466174935, 0.2944828739386456, -0.07986718166199155
4.55, 324.00000000000006, 0.06601578674099574, -0.04796327658706576, 0.2978422000494184, -0.07668039549276304
4.5600000000000005, 324.7200000000001, 0.06661328285852229, -0.04712993259925692, 0.3011671906009968, -0.07344331407300628
4.57, 325.44000000000005, 0.06720025996647973, -0.04628914624874327, 0.30445711110215173, -0.07015629841220283
4.58, 326.1600000000001, 0.06777662537437837, -0.045441050305436076, 0.3077112307292024, -0.06681972004867401
4.59, 326.88000000000005, 0.06834228806743882, -0.04458577869351628, 0.31092882247478765, -0.06343396101420848
4.6000000000000005, 327.6000000000001, 0.06889715872096448, -0.04372346647028604, 0.31410916329632754, -0.059999413796607615
4.61, 328.32000000000005, 0.06944114971444687, -0.042854249804841704, 0.31725153426414276, -0.05651648130015649
4.62, 329.0400000000001, 0.06997417514540209, -0.04197826595657083, 0.3203552207092048, -0.05298557680402055
4.63, 329.76000000000005, 0.0704961508429354, -0.04109565325347804, 0.32341951237048466, -0.04940712391857591
4.64, 330.48, 0.07100699438103329, -0.0402065510703406, 0.32644370354187846, -0.0457815565396667
4.65, 331.20000000000005, 0.0715066250915793, -0.03931109980669991, 0.3294270932186732, -0.04210931880080501
4.66, 331.9200000000001, 0.07199496407709223, -0.03840944086469107, 0.3323689852435279, -0.03839086502331168
4.67, 332.64000000000004, 0.07247193422318528, -0.03750171662671334, 0.3352686884519441, -0.034626659664400344
4.68, 333.36, 0.07293746021074314, -0.036588070432946616, 0.3381255168171909, -0.030817177263215895
4.69, 334.0800000000001, 0.07339146852781593, -0.03566864655871604, 0.3409387895946625, -0.026962902384827014
4.7, 334.80000000000007, 0.07383388748122725, -0.034743590191709826, 0.3437078314656327, -0.023064329562185598
4.71, 335.52000000000004, 0.07426464720789568, -0.033813047409051944, 0.3464319726803864, -0.019121963236049866
4.72, 336.24, 0.07468367968586688, -0.03287716515423489, 0.3491105492006923, -0.015136317692885565
4.73, 336.9600000000001, 0.07509091874505508, -0.03193609121391559, 0.3517429028415924, -0.011107917000749618
4.74, 337.68000000000006, 0.0754863000776918, -0.030989974194578905, 0.35432838141247736, -0.007037294943166517
4.75, 338.40000000000003, 0.07586976124848133, -0.030038963499069714, 0.3568663388574255, -0.002924994950994575
4.76, 339.12, 0.07624124170445956, -0.02908320930300124, 0.3593561353947689, 0.0012284299676938448
4.7700000000000005, 339.8400000000001, 0.07660068278455616, -0.028122862531040498, 0.36179713765586463, 0.005422417299720456
4.78, 340.56000000000006, 0.07694802772885778, -0.02715807483307561, 0.36418871882304177, 0.009656395100885756
4.79, 341.28000000000003, 0.07728322168757115, -0.026188998560268253, 0.36653025876669604, 0.013929782072021488
4.8, 342.00000000000006, 0.07760621172968456, -0.02521578674099566, 0.36882114418150475, 0.018241987636999996
4.8100000000000005, 342.7200000000001, 0.07791694685132612, -0.02423859305668592, 0.37106076872173344, 0.0225924120226889
4.82, 343.44000000000005, 0.0782153779838179, -0.023257571817549984, 0.3732485331356079, 0.026980446340843664
4.83, 344.1600000000001, 0.07850145800142463, -0.022272877938213663, 0.3753838453987259, 0.031405472671928975
4.84, 344.88000000000005, 0.07877514172879518, -0.021284666913255507, 0.3774661208464765, 0.0358668641508485
4.8500000000000005, 345.6000000000001, 0.07903638594809632, -0.020293094792652056, 0.3794947823054449, 0.040363985054582316
4.86, 346.32000000000005, 0.0792851494058374, -0.019298318157135903, 0.3814692602237734, 0.04489619089171269
4.87, 347.0400000000001, 0.07952139281938472, -0.018300494093469392, 0.38338899280045247, 0.04946282849383059
4.88, 347.76000000000005, 0.07974507888316461, -0.017299780169639612, 0.38525342611351415, 0.05406323610880226
4.89, 348.48, 0.07995617227455455, -0.01629633440997563, 0.3870620142471036, 0.05869674349589635
4.9, 349.20000000000005, 0.08015463965946101, -0.015290315270195065, 0.38881421941740024, 0.06336267202274329
4.91, 349.9200000000001, 0.08034044969758318, -0.01428188161238245, 0.39050951209736245, 0.06806033476412002
4.92, 350.64000000000004, 0.08051357304736205, -0.01327119267990242, 0.3921473711402724, 0.07278903660254994
4.93, 351.36, 0.0806739823706138, -0.012258408072253755, 0.39372728390205197, 0.07754807433069397
4.94, 352.0800000000001, 0.08082165233684677, -0.011243687719866367, 0.3952487463623257, 0.08233673675552639
4.95, 352.80000000000007, 0.0809565596272614, -0.010227191858847117, 0.3967112632442052, 0.08715430480427108
4.96, 353.52000000000004, 0.0810786829384327, -0.00920908100567606, 0.3981143481327703, 0.09200005163209396
4.97, 354.24, 0.0811880029856741, -0.008189515931859152, 0.39945752359222014, 0.09687324273152553
4.98, 354.9600000000001, 0.08128450250608289, -0.007168657638540507, 0.4007403212816719, 0.10177313604360194
4.99, 355.68000000000006, 0.08136816626126611, -0.006146667331079238, 0.4019622820695787, 0.10669898207070214
5.0, 356.40000000000003, 0.08143898103974696, -0.005123706393591962, 0.4031229561467475, 0.11165002399107898
5.01, 356.72400000000005, -0.008146665265760238, 0.00046631003383245116, 0.40304148949408986, 0.11165468709141732
5.0200000000000005, 356.97600000000006, -0.01629727480329276, 0.0008609494677222348, 0.40279701065068163, 0.11166724298043343
5.03, 357.15600000000006, -0.024449848691407313, 0.0012146188568016199, 0.40238946068600523, 0.11168646255678304
5.04, 357.264, -0.032602793009080665, 0.0015580397963603724, 0.40181884442638427, 0.1117123455829334
5.05, 357.3, -0.04075470689844823, 0.0019219431889534126, 0.40108522080182507, 0.11174612115052666
5.0600000000000005, 357.264, -0.04890418951362136, 0.002337059694540576, 0.40018870477593016, 0.11179024757275142
5.07, 357.156, -0.057049646946616815, 0.002834110665870485, 0.3991294808604843, 0.11184841173768992
5.08, 356.97600000000006, -0.0651890992131696, 0.003443797870888863, 0.3979078282096939, 0.1119255278207501
5.09, 356.72400000000005, -0.07331998739184359, 0.004196790304492143, 0.39652415728148155, 0.11202773511848328
5.1000000000000005, 356.40000000000003, -0.0814389810397474, 0.005123706393591989, 0.3949790580427727, 0.1121623946304382
