0.100000,-0.001037,0.027241,-0.001037,0.027241
0.200000,-0.001130,0.027291,-0.001130,0.027291
0.300000,-0.001223,0.027322,-0.001223,0.027322
0.350000,-0.001299,0.027313,-0.001299,0.027313
0.400000,-0.001367,0.027369,-0.001367,0.027369
0.500000,-0.001436,0.027362,-0.001436,0.027362
0.600000,-0.001554,0.027450,-0.001554,0.027450
0.700000,-0.001638,0.027374,-0.001638,0.027374
0.850000,-0.001797,0.027417,-0.001797,0.027417
1.000000,-0.001895,0.027406,-0.001895,0.027406
1.150000,-0.002015,0.027412,-0.002015,0.027412
1.200000,-0.002073,0.027385,-0.002073,0.027385
1.350000,-0.002195,0.027404,-0.002195,0.027404
1.450000,-0.002362,0.027406,-0.002362,0.027406
1.550000,-0.002399,0.027375,-0.002399,0.027375
1.700000,-0.002403,0.027411,-0.002403,0.027411
1.800000,-0.002523,0.027436,-0.002523,0.027436
1.900000,-0.002404,0.027351,-0.002404,0.027351
2.000000,-0.002465,0.027369,-0.002465,0.027369
2.100000,-0.002490,0.027367,-0.002490,0.027367
2.250000,-0.002411,0.027329,-0.002411,0.027329
2.350000,-0.002407,0.027304,-0.002407,0.027304
2.550000,-0.002414,0.027306,-0.002414,0.027306
2.650000,-0.002417,0.027268,-0.002417,0.027268
2.700000,-0.002391,0.027242,-0.002391,0.027242
2.850000,-0.002438,0.027267,-0.002438,0.027267
2.950000,-0.002462,0.027274,-0.002462,0.027274
3.050000,-0.002436,0.027241,-0.002436,0.027241
3.200000,-0.002429,0.027240,-0.002429,0.027240
3.300000,-0.002440,0.027221,-0.002440,0.027221
3.400000,-0.002578,0.027257,-0.002578,0.027257
3.500000,-0.002451,0.027188,-0.002451,0.027188
3.550000,-0.002430,0.027208,-0.002430,0.027208
3.650000,-0.002439,0.027168,-0.002439,0.027168
3.800000,-0.002426,0.027234,-0.002426,0.027234
3.950000,-0.002474,0.027171,-0.002474,0.027171
4.050000,-0.002453,0.027171,-0.002453,0.027171
4.150000,-0.002540,0.027173,-0.002540,0.027173
4.250000,-0.002458,0.027162,-0.002458,0.027162
4.400000,-0.002451,0.027177,-0.002451,0.027177
4.500000,-0.002441,0.027140,-0.002441,0.027140
4.650000,-0.002438,0.027083,-0.002438,0.027083
4.850000,-0.002438,0.027037,-0.002438,0.027037
4.900000,-0.002434,0.027020,-0.002434,0.027020
5.050000,-0.002438,0.027061,-0.002438,0.027061
5.150000,-0.002442,0.027029,-0.002442,0.027029
5.250000,-0.002445,0.027027,-0.002445,0.027027
5.350000,-0.002444,0.027047,-0.002444,0.027047
5.450000,-0.002445,0.027042,-0.002445,0.027042
5.600000,-0.002435,0.027017,-0.002435,0.027017
5.700000,-0.002435,0.027013,-0.002435,0.027013
5.800000,-0.002553,0.027050,-0.002553,0.027050
5.900000,-0.002424,0.026915,-0.002424,0.026915
6.000000,-0.002559,0.027001,-0.002559,0.027001
6.100000,-0.002418,0.026894,-0.002418,0.026894
6.250000,-0.002422,0.026909,-0.002422,0.026909
6.350000,-0.002418,0.026922,-0.002418,0.026922
6.450000,-0.002544,0.026970,-0.002544,0.026970
6.550000,-0.002417,0.026836,-0.002417,0.026836
6.650000,-0.002418,0.026818,-0.002418,0.026818
6.750000,-0.002506,0.026847,-0.002506,0.026847
6.850000,-0.002501,0.026846,-0.002501,0.026846
7.000000,-0.002410,0.026845,-0.002410,0.026845
7.150000,-0.002402,0.026741,-0.002402,0.026741
7.200000,-0.002444,0.026713,-0.002444,0.026713
7.300000,-0.002397,0.026669,-0.002397,0.026669
7.400000,-0.002535,0.026736,-0.002535,0.026736
7.500000,-0.002397,0.026643,-0.002397,0.026643
7.600000,-0.002482,0.026689,-0.002482,0.026689
7.750000,-0.002394,0.026628,-0.002394,0.026628
7.850000,-0.002566,0.026732,-0.002566,0.026732
7.950000,-0.002430,0.026645,-0.002430,0.026645
8.100000,-0.002385,0.026631,-0.002385,0.026631
8.150000,-0.002459,0.026644,-0.002459,0.026644
8.300000,-0.002381,0.026610,-0.002381,0.026610
8.350000,-0.002464,0.026650,-0.002464,0.026650
8.500000,-0.002453,0.026614,-0.002453,0.026614
8.600000,-0.002386,0.026576,-0.002386,0.026576
8.700000,-0.002513,0.026643,-0.002513,0.026643
8.850000,-0.002397,0.026558,-0.002397,0.026558
8.950000,-0.002391,0.026564,-0.002391,0.026564
9.050000,-0.002475,0.026597,-0.002475,0.026597
9.200000,-0.002374,0.026528,-0.002374,0.026528
9.350000,-0.002497,0.026585,-0.002497,0.026585
9.450000,-0.002512,0.026562,-0.002512,0.026562
9.550000,-0.002375,0.026399,-0.002375,0.026399
9.650000,-0.002382,0.026421,-0.002382,0.026421
9.700000,-0.002379,0.026383,-0.002379,0.026383
9.850000,-0.002379,0.026405,-0.002379,0.026405
9.950000,-0.002374,0.026386,-0.002374,0.026386
10.100000,-0.002355,0.026408,-0.002355,0.026408
10.150000,-0.002372,0.026387,-0.002372,0.026387
10.250000,-0.002368,0.026364,-0.002368,0.026364
10.350000,-0.002460,0.026422,-0.002460,0.026422
10.450000,-0.002364,0.026344,-0.002364,0.026344
10.550000,-0.002365,0.026326,-0.002365,0.026326
10.700000,-0.002365,0.026330,-0.002365,0.026330
10.800000,-0.002360,0.026322,-0.002360,0.026322
10.900000,-0.002363,0.026269,-0.002363,0.026269
11.000000,-0.002363,0.026254,-0.002363,0.026254
11.050000,-0.002495,0.026345,-0.002495,0.026345
11.150000,-0.002358,0.026221,-0.002358,0.026221
11.250000,-0.002450,0.026275,-0.002450,0.026275
11.400000,-0.002358,0.026208,-0.002358,0.026208
11.500000,-0.002363,0.026192,-0.002363,0.026192
11.600000,-0.002355,0.026187,-0.002355,0.026187
11.650000,-0.002356,0.026170,-0.002356,0.026170
11.750000,-0.002484,0.026263,-0.002484,0.026263
11.850000,-0.002350,0.026125,-0.002350,0.026125
11.950000,-0.002348,0.026138,-0.002348,0.026138
12.150000,-0.002348,0.026134,-0.002348,0.026134
12.200000,-0.002475,0.026185,-0.002475,0.026185
12.300000,-0.002345,0.026074,-0.002345,0.026074
12.450000,-0.002342,0.026097,-0.002342,0.026097
12.500000,-0.002424,0.026137,-0.002424,0.026137
12.600000,-0.002338,0.026065,-0.002338,0.026065
12.700000,-0.002469,0.026146,-0.002469,0.026146
12.850000,-0.002334,0.026029,-0.002334,0.026029
12.950000,-0.002416,0.026072,-0.002416,0.026072
13.050000,-0.002329,0.026008,-0.002329,0.026008
13.150000,-0.002413,0.026046,-0.002413,0.026046
13.250000,-0.002330,0.025982,-0.002330,0.025982
13.350000,-0.002413,0.026022,-0.002413,0.026022
13.450000,-0.002327,0.025953,-0.002327,0.025953
13.600000,-0.002452,0.026034,-0.002452,0.026034
13.700000,-0.002325,0.025925,-0.002325,0.025925
13.800000,-0.002318,0.025903,-0.002318,0.025903
13.900000,-0.002307,0.025898,-0.002307,0.025898
13.950000,-0.002316,0.025879,-0.002316,0.025879
14.050000,-0.002445,0.025977,-0.002445,0.025977
14.200000,-0.002316,0.025832,-0.002316,0.025832
14.250000,-0.002309,0.025858,-0.002309,0.025858
14.400000,-0.002306,0.025829,-0.002306,0.025829
14.500000,-0.002308,0.025828,-0.002308,0.025828
14.600000,-0.002306,0.025820,-0.002306,0.025820
14.650000,-0.002341,0.025821,-0.002341,0.025821
14.750000,-0.002300,0.025812,-0.002300,0.025812
14.850000,-0.002305,0.025811,-0.002305,0.025811
14.950000,-0.002297,0.025802,-0.002297,0.025802
15.050000,-0.002378,0.025846,-0.002378,0.025846
15.150000,-0.002296,0.025789,-0.002296,0.025789
15.250000,-0.002366,0.025831,-0.002366,0.025831
15.350000,-0.002349,0.025818,-0.002349,0.025818
15.450000,-0.002361,0.025810,-0.002361,0.025810
15.650000,-0.002292,0.025749,-0.002292,0.025749
15.750000,-0.002285,0.025757,-0.002285,0.025757
15.850000,-0.002284,0.025758,-0.002284,0.025758
16.000000,-0.002283,0.025742,-0.002283,0.025742
16.100000,-0.002409,0.025843,-0.002409,0.025843
16.150000,-0.002285,0.025744,-0.002285,0.025744
16.300000,-0.002285,0.025755,-0.002285,0.025755
16.450000,-0.002284,0.025787,-0.002284,0.025787
16.550000,-0.002358,0.025789,-0.002358,0.025789
16.650000,-0.002290,0.025757,-0.002290,0.025757
16.750000,-0.002361,0.025794,-0.002361,0.025794
16.850000,-0.002299,0.025741,-0.002299,0.025741
17.000000,-0.002300,0.025745,-0.002300,0.025745
17.100000,-0.002298,0.025750,-0.002298,0.025750
17.250000,-0.002459,0.025858,-0.002459,0.025858
17.350000,-0.002288,0.025669,-0.002288,0.025669
17.450000,-0.002349,0.025732,-0.002349,0.025732
17.550000,-0.002295,0.025731,-0.002295,0.025731
17.700000,-0.002295,0.025721,-0.002295,0.025721
17.750000,-0.002368,0.025742,-0.002368,0.025742
17.950000,-0.002285,0.025719,-0.002285,0.025719
18.050000,-0.002289,0.025790,-0.002289,0.025790
18.150000,-0.002410,0.025842,-0.002410,0.025842
18.250000,-0.002293,0.025740,-0.002293,0.025740
18.400000,-0.002283,0.025710,-0.002283,0.025710
18.450000,-0.002366,0.025736,-0.002366,0.025736
18.600000,-0.002285,0.025740,-0.002285,0.025740
18.700000,-0.002284,0.025746,-0.002284,0.025746
18.800000,-0.002361,0.025786,-0.002361,0.025786
18.900000,-0.002306,0.025742,-0.002306,0.025742
19.000000,-0.002425,0.025821,-0.002425,0.025821
19.150000,-0.002297,0.025734,-0.002297,0.025734
19.300000,-0.002295,0.025776,-0.002295,0.025776
19.350000,-0.002370,0.025789,-0.002370,0.025789
19.550000,-0.002402,0.025838,-0.002402,0.025838
19.650000,-0.002282,0.025760,-0.002282,0.025760
19.750000,-0.002360,0.025796,-0.002360,0.025796
19.850000,-0.002313,0.025767,-0.002313,0.025767
19.950000,-0.002302,0.025755,-0.002302,0.025755
20.000000,-0.002380,0.025796,-0.002380,0.025796
20.150000,-0.002298,0.025745,-0.002298,0.025745
20.300000,-0.002463,0.025890,-0.002463,0.025890
20.400000,-0.002300,0.025739,-0.002300,0.025739
20.500000,-0.002411,0.025818,-0.002411,0.025818
20.600000,-0.002288,0.025736,-0.002288,0.025736
20.750000,-0.002292,0.025752,-0.002292,0.025752
20.850000,-0.002300,0.025738,-0.002300,0.025738
21.050000,-0.002281,0.025715,-0.002281,0.025715
21.150000,-0.002295,0.025746,-0.002295,0.025746
21.250000,-0.002370,0.025747,-0.002370,0.025747
21.350000,-0.002367,0.025777,-0.002367,0.025777
21.500000,-0.002303,0.025759,-0.002303,0.025759
21.600000,-0.002396,0.025790,-0.002396,0.025790
21.700000,-0.002270,0.025698,-0.002270,0.025698
21.900000,-0.002282,0.025686,-0.002282,0.025686
22.000000,-0.002282,0.025718,-0.002282,0.025718
22.100000,-0.002358,0.025725,-0.002358,0.025725
22.200000,-0.002268,0.025688,-0.002268,0.025688
22.300000,-0.002396,0.025777,-0.002396,0.025777
22.400000,-0.002314,0.025677,-0.002314,0.025677
22.500000,-0.002394,0.025782,-0.002394,0.025782
22.650000,-0.002344,0.025700,-0.002344,0.025700
22.700000,-0.002287,0.025671,-0.002287,0.025671
22.850000,-0.002304,0.025674,-0.002304,0.025674
22.950000,-0.002294,0.025685,-0.002294,0.025685
23.100000,-0.002285,0.025701,-0.002285,0.025701
23.200000,-0.002289,0.025676,-0.002289,0.025676
23.300000,-0.002295,0.025678,-0.002295,0.025678
23.500000,-0.002297,0.025690,-0.002297,0.025690
23.600000,-0.002418,0.025752,-0.002418,0.025752
23.700000,-0.002286,0.025686,-0.002286,0.025686
23.850000,-0.002280,0.025734,-0.002280,0.025734
23.950000,-0.002290,0.025703,-0.002290,0.025703
24.100000,-0.002277,0.025693,-0.002277,0.025693
24.200000,-0.002267,0.025673,-0.002267,0.025673
24.350000,-0.002383,0.025747,-0.002383,0.025747
24.450000,-0.002259,0.025659,-0.002259,0.025659
24.550000,-0.002271,0.025657,-0.002271,0.025657
24.650000,-0.002351,0.025705,-0.002351,0.025705
24.750000,-0.002287,0.025658,-0.002287,0.025658
24.850000,-0.002365,0.025701,-0.002365,0.025701
25.000000,-0.002287,0.025671,-0.002287,0.025671
25.100000,-0.002440,0.025791,-0.002440,0.025791
25.250000,-0.002266,0.025627,-0.002266,0.025627
25.350000,-0.002262,0.025699,-0.002262,0.025699
25.450000,-0.002266,0.025653,-0.002266,0.025653
25.550000,-0.002273,0.025641,-0.002273,0.025641
25.700000,-0.002286,0.025648,-0.002286,0.025648
25.800000,-0.002359,0.025674,-0.002359,0.025674
25.900000,-0.002285,0.025663,-0.002285,0.025663
26.000000,-0.002399,0.025747,-0.002399,0.025747
26.100000,-0.002282,0.025660,-0.002282,0.025660
26.250000,-0.002277,0.025684,-0.002277,0.025684
26.300000,-0.002354,0.025728,-0.002354,0.025728
26.450000,-0.002284,0.025666,-0.002284,0.025666
26.600000,-0.002263,0.025694,-0.002263,0.025694
26.750000,-0.002266,0.025630,-0.002266,0.025630
26.850000,-0.002300,0.025633,-0.002300,0.025633
26.950000,-0.002297,0.025689,-0.002297,0.025689
27.000000,-0.002377,0.025729,-0.002377,0.025729
27.150000,-0.002382,0.025770,-0.002382,0.025770
27.250000,-0.002308,0.025733,-0.002308,0.025733
27.450000,-0.002301,0.025686,-0.002301,0.025686
27.550000,-0.002306,0.025649,-0.002306,0.025649
27.650000,-0.002434,0.025752,-0.002434,0.025752
27.800000,-0.002292,0.025730,-0.002292,0.025730
27.950000,-0.002307,0.025700,-0.002307,0.025700
28.000000,-0.002381,0.025727,-0.002381,0.025727
28.150000,-0.002284,0.025674,-0.002284,0.025674
28.300000,-0.002274,0.025627,-0.002274,0.025627
28.400000,-0.002337,0.025628,-0.002337,0.025628
28.500000,-0.002266,0.025660,-0.002266,0.025660
28.650000,-0.002271,0.025673,-0.002271,0.025673
28.700000,-0.002385,0.025754,-0.002385,0.025754
28.850000,-0.002264,0.025651,-0.002264,0.025651
28.950000,-0.002272,0.025663,-0.002272,0.025663
29.050000,-0.002266,0.025654,-0.002266,0.025654
29.150000,-0.002268,0.025651,-0.002268,0.025651
29.250000,-0.002352,0.025682,-0.002352,0.025682
29.350000,-0.002269,0.025638,-0.002269,0.025638
29.450000,-0.002340,0.025684,-0.002340,0.025684
29.500000,-0.002270,0.025636,-0.002270,0.025636
29.650000,-0.002276,0.025641,-0.002276,0.025641
29.800000,-0.002285,0.025681,-0.002285,0.025681
29.900000,-0.002342,0.025677,-0.002342,0.025677
30.000000,-0.002283,0.025632,-0.002283,0.025632
30.050000,-0.002319,0.025637,-0.002319,0.025637
30.200000,-0.002280,0.025598,-0.002280,0.025598
30.250000,-0.002385,0.025673,-0.002385,0.025673
30.450000,-0.002259,0.025612,-0.002259,0.025612
30.550000,-0.002263,0.025607,-0.002263,0.025607
30.700000,-0.002371,0.025659,-0.002371,0.025659
30.800000,-0.002262,0.025592,-0.002262,0.025592
30.900000,-0.002279,0.025606,-0.002279,0.025606
31.000000,-0.002390,0.025676,-0.002390,0.025676
31.100000,-0.002260,0.025580,-0.002260,0.025580
31.250000,-0.002422,0.025722,-0.002422,0.025722
31.400000,-0.002268,0.025580,-0.002268,0.025580
31.500000,-0.002264,0.025593,-0.002264,0.025593
31.600000,-0.002267,0.025588,-0.002267,0.025588
31.700000,-0.002267,0.025587,-0.002267,0.025587
31.800000,-0.002247,0.025579,-0.002247,0.025579
31.900000,-0.002371,0.025652,-0.002371,0.025652
32.100000,-0.002268,0.025602,-0.002268,0.025602
32.200000,-0.002255,0.025567,-0.002255,0.025567
32.300000,-0.002340,0.025611,-0.002340,0.025611
32.400000,-0.002320,0.025605,-0.002320,0.025605
32.500000,-0.002250,0.025553,-0.002250,0.025553
32.650000,-0.002245,0.025543,-0.002245,0.025543
32.750000,-0.002228,0.025529,-0.002228,0.025529
32.900000,-0.002248,0.025461,-0.002248,0.025461
33.050000,-0.002237,0.025465,-0.002237,0.025465
33.100000,-0.002323,0.025510,-0.002323,0.025510
33.250000,-0.002238,0.025480,-0.002238,0.025480
33.350000,-0.002235,0.025535,-0.002235,0.025535
33.450000,-0.002304,0.025505,-0.002304,0.025505
33.650000,-0.002215,0.025459,-0.002215,0.025459
33.700000,-0.002340,0.025547,-0.002340,0.025547
33.800000,-0.002292,0.025479,-0.002292,0.025479
33.900000,-0.002355,0.025537,-0.002355,0.025537
34.050000,-0.002219,0.025432,-0.002219,0.025432
34.200000,-0.002236,0.025423,-0.002236,0.025423
34.250000,-0.002344,0.025501,-0.002344,0.025501
34.400000,-0.002224,0.025422,-0.002224,0.025422
34.500000,-0.002308,0.025470,-0.002308,0.025470
34.600000,-0.002216,0.025421,-0.002216,0.025421
34.700000,-0.002221,0.025386,-0.002221,0.025386
34.750000,-0.002226,0.025388,-0.002226,0.025388
34.850000,-0.002275,0.025443,-0.002275,0.025443
34.950000,-0.002210,0.025397,-0.002210,0.025397
35.150000,-0.002218,0.025381,-0.002218,0.025381
35.250000,-0.002308,0.025439,-0.002308,0.025439
35.350000,-0.002251,0.025380,-0.002251,0.025380
35.450000,-0.002209,0.025361,-0.002209,0.025361
35.550000,-0.002312,0.025425,-0.002312,0.025425
35.650000,-0.002241,0.025321,-0.002241,0.025321
35.750000,-0.002205,0.025333,-0.002205,0.025333
35.950000,-0.002215,0.025366,-0.002215,0.025366
36.050000,-0.002196,0.025327,-0.002196,0.025327
36.150000,-0.002203,0.025341,-0.002203,0.025341
36.250000,-0.002203,0.025296,-0.002203,0.025296
36.350000,-0.002197,0.025321,-0.002197,0.025321
36.450000,-0.002317,0.025390,-0.002317,0.025390
36.600000,-0.002195,0.025277,-0.002195,0.025277
36.750000,-0.002188,0.025402,-0.002188,0.025402
36.850000,-0.002189,0.025305,-0.002189,0.025305
36.950000,-0.002199,0.025290,-0.002199,0.025290
37.050000,-0.002189,0.025280,-0.002189,0.025280
37.150000,-0.002359,0.025424,-0.002359,0.025424
37.250000,-0.002194,0.025240,-0.002194,0.025240
37.400000,-0.002182,0.025279,-0.002182,0.025279
37.550000,-0.002184,0.025268,-0.002184,0.025268
37.650000,-0.002267,0.025295,-0.002267,0.025295
37.800000,-0.002194,0.025262,-0.002194,0.025262
37.900000,-0.002193,0.025217,-0.002193,0.025217
38.000000,-0.002188,0.025238,-0.002188,0.025238
38.100000,-0.002184,0.025255,-0.002184,0.025255
38.300000,-0.002181,0.025229,-0.002181,0.025229
38.350000,-0.002313,0.025354,-0.002313,0.025354
38.500000,-0.002186,0.025203,-0.002186,0.025203
38.550000,-0.002245,0.025242,-0.002245,0.025242
38.700000,-0.002179,0.025203,-0.002179,0.025203
38.800000,-0.002180,0.025204,-0.002180,0.025204
38.900000,-0.002172,0.025184,-0.002172,0.025184
39.050000,-0.002176,0.025262,-0.002176,0.025262
39.200000,-0.002167,0.025183,-0.002167,0.025183
39.250000,-0.002245,0.025230,-0.002245,0.025230
39.400000,-0.002168,0.025174,-0.002168,0.025174
39.450000,-0.002229,0.025210,-0.002229,0.025210
39.550000,-0.002166,0.025154,-0.002166,0.025154
39.650000,-0.002163,0.025165,-0.002163,0.025165
39.800000,-0.002154,0.025185,-0.002154,0.025185
39.900000,-0.002230,0.025161,-0.002230,0.025161
40.000000,-0.002224,0.025168,-0.002224,0.025168
40.150000,-0.002160,0.025083,-0.002160,0.025083
40.250000,-0.002149,0.025097,-0.002149,0.025097
40.400000,-0.002158,0.025113,-0.002158,0.025113
40.500000,-0.002233,0.025146,-0.002233,0.025146
40.650000,-0.002145,0.025133,-0.002145,0.025133
40.700000,-0.002217,0.025128,-0.002217,0.025128
40.850000,-0.002148,0.025096,-0.002148,0.025096
40.900000,-0.002152,0.025074,-0.002152,0.025074
41.050000,-0.002204,0.025110,-0.002204,0.025110
41.150000,-0.002218,0.025113,-0.002218,0.025113
41.300000,-0.002141,0.025052,-0.002141,0.025052
41.400000,-0.002266,0.025147,-0.002266,0.025147
41.550000,-0.002140,0.025021,-0.002140,0.025021
41.600000,-0.002221,0.025053,-0.002221,0.025053
41.750000,-0.002138,0.025013,-0.002138,0.025013
41.850000,-0.002136,0.025002,-0.002136,0.025002
41.950000,-0.002128,0.025028,-0.002128,0.025028
42.100000,-0.002138,0.025009,-0.002138,0.025009
42.250000,-0.002137,0.025113,-0.002137,0.025113
42.300000,-0.002193,0.025031,-0.002193,0.025031
42.450000,-0.002126,0.024978,-0.002126,0.024978
42.550000,-0.002132,0.025008,-0.002132,0.025008
42.700000,-0.002131,0.024950,-0.002131,0.024950
42.800000,-0.002215,0.025042,-0.002215,0.025042
43.000000,-0.002095,0.024953,-0.002095,0.024953
43.100000,-0.002137,0.024986,-0.002137,0.024986
43.250000,-0.002134,0.024992,-0.002134,0.024992
43.350000,-0.002119,0.024958,-0.002119,0.024958
43.500000,-0.002108,0.024948,-0.002108,0.024948
43.550000,-0.002218,0.025032,-0.002218,0.025032
43.700000,-0.002122,0.024945,-0.002122,0.024945
43.850000,-0.002121,0.024933,-0.002121,0.024933
43.950000,-0.002213,0.025011,-0.002213,0.025011
44.050000,-0.002120,0.024933,-0.002120,0.024933
44.100000,-0.002127,0.024931,-0.002127,0.024931
44.250000,-0.002108,0.024916,-0.002108,0.024916
44.350000,-0.002099,0.024887,-0.002099,0.024887
44.450000,-0.002101,0.024949,-0.002101,0.024949
44.600000,-0.002098,0.024932,-0.002098,0.024932
44.700000,-0.002156,0.024914,-0.002156,0.024914
44.750000,-0.002102,0.024885,-0.002102,0.024885
44.900000,-0.002096,0.024902,-0.002096,0.024902
44.950000,-0.002173,0.024923,-0.002173,0.024923
45.100000,-0.002097,0.024854,-0.002097,0.024854
45.200000,-0.002095,0.024851,-0.002095,0.024851
45.350000,-0.002248,0.024980,-0.002248,0.024980
45.450000,-0.002089,0.024825,-0.002089,0.024825
45.550000,-0.002150,0.024896,-0.002150,0.024896
45.650000,-0.002139,0.024885,-0.002139,0.024885
45.750000,-0.002089,0.024855,-0.002089,0.024855
45.900000,-0.002093,0.024839,-0.002093,0.024839
46.000000,-0.002078,0.024810,-0.002078,0.024810
46.100000,-0.002219,0.024968,-0.002219,0.024968
46.250000,-0.002150,0.024848,-0.002150,0.024848
46.350000,-0.002162,0.024888,-0.002162,0.024888
46.450000,-0.002151,0.024868,-0.002151,0.024868
46.550000,-0.002164,0.024890,-0.002164,0.024890
46.650000,-0.002084,0.024829,-0.002084,0.024829
46.800000,-0.002067,0.024824,-0.002067,0.024824
47.000000,-0.002099,0.024851,-0.002099,0.024851
47.050000,-0.002112,0.024813,-0.002112,0.024813
47.200000,-0.002096,0.024832,-0.002096,0.024832
47.250000,-0.002150,0.024879,-0.002150,0.024879
47.350000,-0.002090,0.024825,-0.002090,0.024825
47.500000,-0.002088,0.024812,-0.002088,0.024812
47.650000,-0.002092,0.024799,-0.002092,0.024799
47.700000,-0.002088,0.024813,-0.002088,0.024813
47.850000,-0.002078,0.024791,-0.002078,0.024791
47.950000,-0.002071,0.024814,-0.002071,0.024814
48.050000,-0.002070,0.024787,-0.002070,0.024787
48.200000,-0.002076,0.024790,-0.002076,0.024790
48.300000,-0.002070,0.024775,-0.002070,0.024775
48.450000,-0.002079,0.024771,-0.002079,0.024771
48.550000,-0.002064,0.024766,-0.002064,0.024766
48.700000,-0.002082,0.024809,-0.002082,0.024809
48.800000,-0.002069,0.024797,-0.002069,0.024797
48.900000,-0.002074,0.024777,-0.002074,0.024777
49.050000,-0.002063,0.024828,-0.002063,0.024828
49.100000,-0.002139,0.024806,-0.002139,0.024806
49.300000,-0.002184,0.024852,-0.002184,0.024852
49.350000,-0.002065,0.024754,-0.002065,0.024754
49.500000,-0.002133,0.024802,-0.002133,0.024802
49.550000,-0.002147,0.024803,-0.002147,0.024803
49.650000,-0.002043,0.024709,-0.002043,0.024709
49.750000,-0.002046,0.024710,-0.002046,0.024710
49.850000,-0.002046,0.024709,-0.002046,0.024709
50.000000,-0.002047,0.024709,-0.002047,0.024709
50.050000,-0.002046,0.024708,-0.002046,0.024708
50.200000,-0.002047,0.024707,-0.002047,0.024707
50.250000,-0.002047,0.024708,-0.002047,0.024708
50.350000,-0.002047,0.024708,-0.002047,0.024708
50.450000,-0.002047,0.024707,-0.002047,0.024707
50.500000,-0.002047,0.024707,-0.002047,0.024707
50.650000,-0.002048,0.024705,-0.002048,0.024705
50.750000,-0.002048,0.024705,-0.002048,0.024705
50.850000,-0.002048,0.024705,-0.002048,0.024705
50.950000,-0.002047,0.024705,-0.002047,0.024705
51.050000,-0.002027,0.024697,-0.002027,0.024697
51.100000,-0.002029,0.024697,-0.002029,0.024697
51.200000,-0.002030,0.024696,-0.002030,0.024696
51.350000,-0.002041,0.024700,-0.002041,0.024700
51.450000,-0.002027,0.024696,-0.002027,0.024696
51.550000,-0.002018,0.024698,-0.002018,0.024698
51.650000,-0.002020,0.024698,-0.002020,0.024698
51.750000,-0.002026,0.024699,-0.002026,0.024699
51.850000,-0.002024,0.024697,-0.002024,0.024697
51.950000,-0.002027,0.024700,-0.002027,0.024700
52.100000,-0.002047,0.024704,-0.002047,0.024704
52.200000,-0.002024,0.024700,-0.002024,0.024700
52.250000,-0.002029,0.024699,-0.002029,0.024699
52.350000,-0.002032,0.024699,-0.002032,0.024699
52.500000,-0.002037,0.024703,-0.002037,0.024703
52.550000,-0.002020,0.024702,-0.002020,0.024702
52.700000,-0.002021,0.024701,-0.002021,0.024701
52.800000,-0.002039,0.024705,-0.002039,0.024705
52.900000,-0.002036,0.024699,-0.002036,0.024699
52.950000,-0.002018,0.024707,-0.002018,0.024707
53.050000,-0.002027,0.024708,-0.002027,0.024708
53.150000,-0.002019,0.024706,-0.002019,0.024706
53.250000,-0.002011,0.024709,-0.002011,0.024709
53.350000,-0.002012,0.024709,-0.002012,0.024709
53.450000,-0.002010,0.024707,-0.002010,0.024707
53.550000,-0.002023,0.024709,-0.002023,0.024709
53.650000,-0.002024,0.024711,-0.002024,0.024711
53.700000,-0.002018,0.024709,-0.002018,0.024709
53.800000,-0.002024,0.024709,-0.002024,0.024709
53.900000,-0.002010,0.024708,-0.002010,0.024708
54.050000,-0.002015,0.024706,-0.002015,0.024706
54.100000,-0.002006,0.024706,-0.002006,0.024706
54.200000,-0.002008,0.024708,-0.002008,0.024708
54.300000,-0.002016,0.024707,-0.002016,0.024707
54.400000,-0.002027,0.024710,-0.002027,0.024710
54.500000,-0.002014,0.024707,-0.002014,0.024707
54.550000,-0.002025,0.024708,-0.002025,0.024708
54.700000,-0.002020,0.024707,-0.002020,0.024707
54.800000,-0.002011,0.024705,-0.002011,0.024705
54.900000,-0.002011,0.024706,-0.002011,0.024706
55.000000,-0.002009,0.024704,-0.002009,0.024704
55.050000,-0.002031,0.024710,-0.002031,0.024710
55.150000,-0.002016,0.024706,-0.002016,0.024706
55.250000,-0.002022,0.024709,-0.002022,0.024709
55.400000,-0.002022,0.024706,-0.002022,0.024706
55.500000,-0.002021,0.024709,-0.002021,0.024709
55.600000,-0.002020,0.024709,-0.002020,0.024709
55.700000,-0.002014,0.024711,-0.002014,0.024711
55.750000,-0.002018,0.024713,-0.002018,0.024713
55.900000,-0.002021,0.024709,-0.002021,0.024709
56.000000,-0.002016,0.024713,-0.002016,0.024713
56.200000,-0.002019,0.024714,-0.002019,0.024714
56.250000,-0.002016,0.024714,-0.002016,0.024714
56.350000,-0.002014,0.024711,-0.002014,0.024711
56.450000,-0.001986,0.024720,-0.001986,0.024720
56.550000,-0.001989,0.024723,-0.001989,0.024723
56.650000,-0.001998,0.024722,-0.001998,0.024722
56.700000,-0.001986,0.024724,-0.001986,0.024724
56.900000,-0.001985,0.024721,-0.001985,0.024721
57.000000,-0.001990,0.024722,-0.001990,0.024722
57.050000,-0.001996,0.024726,-0.001996,0.024726
57.150000,-0.001974,0.024727,-0.001974,0.024727
57.250000,-0.001979,0.024731,-0.001979,0.024731
57.350000,-0.001993,0.024733,-0.001993,0.024733
57.450000,-0.001990,0.024734,-0.001990,0.024734
57.600000,-0.001983,0.024730,-0.001983,0.024730
57.700000,-0.001981,0.024734,-0.001981,0.024734
57.800000,-0.001978,0.024732,-0.001978,0.024732
57.900000,-0.001977,0.024737,-0.001977,0.024737
58.000000,-0.001988,0.024741,-0.001988,0.024741
58.100000,-0.001991,0.024735,-0.001991,0.024735
58.200000,-0.001973,0.024732,-0.001973,0.024732
58.350000,-0.001975,0.024738,-0.001975,0.024738
58.450000,-0.001987,0.024740,-0.001987,0.024740
58.500000,-0.001973,0.024741,-0.001973,0.024741
58.600000,-0.001971,0.024736,-0.001971,0.024736
58.700000,-0.001982,0.024744,-0.001982,0.024744
58.800000,-0.001973,0.024733,-0.001973,0.024733
58.900000,-0.001971,0.024730,-0.001971,0.024730
59.050000,-0.001989,0.024740,-0.001989,0.024740
59.100000,-0.001971,0.024741,-0.001971,0.024741
59.250000,-0.001970,0.024739,-0.001970,0.024739
59.350000,-0.001986,0.024739,-0.001986,0.024739
59.400000,-0.001984,0.024738,-0.001984,0.024738
59.500000,-0.001972,0.024732,-0.001972,0.024732
59.650000,-0.001976,0.024738,-0.001976,0.024738
59.750000,-0.001975,0.024737,-0.001975,0.024737
59.850000,-0.001954,0.024751,-0.001954,0.024751
59.900000,-0.001969,0.024745,-0.001969,0.024745
60.050000,-0.001953,0.024742,-0.001953,0.024742
60.150000,-0.001958,0.024733,-0.001958,0.024733
60.250000,-0.001966,0.024735,-0.001966,0.024735
60.350000,-0.001952,0.024735,-0.001952,0.024735
60.500000,-0.001971,0.024736,-0.001971,0.024736
60.550000,-0.001952,0.024737,-0.001952,0.024737
60.650000,-0.001956,0.024733,-0.001956,0.024733
60.800000,-0.001954,0.024729,-0.001954,0.024729
60.850000,-0.001942,0.024730,-0.001942,0.024730
60.950000,-0.001945,0.024738,-0.001945,0.024738
61.100000,-0.001940,0.024728,-0.001940,0.024728
61.250000,-0.001952,0.024732,-0.001952,0.024732
61.300000,-0.001963,0.024735,-0.001963,0.024735
61.400000,-0.001939,0.024738,-0.001939,0.024738
61.500000,-0.001936,0.024731,-0.001936,0.024731
61.600000,-0.001937,0.024737,-0.001937,0.024737
61.700000,-0.001951,0.024739,-0.001951,0.024739
61.900000,-0.001924,0.024736,-0.001924,0.024736
61.950000,-0.001923,0.024739,-0.001923,0.024739
62.050000,-0.001918,0.024736,-0.001918,0.024736
62.150000,-0.001925,0.024727,-0.001925,0.024727
62.200000,-0.001926,0.024733,-0.001926,0.024733
62.350000,-0.001922,0.024737,-0.001922,0.024737
62.450000,-0.001931,0.024733,-0.001931,0.024733
62.600000,-0.001920,0.024753,-0.001920,0.024753
62.650000,-0.001916,0.024753,-0.001916,0.024753
62.800000,-0.001930,0.024753,-0.001930,0.024753
62.850000,-0.001927,0.024747,-0.001927,0.024747
62.950000,-0.001927,0.024736,-0.001927,0.024736
63.050000,-0.001932,0.024733,-0.001932,0.024733
63.100000,-0.001933,0.024736,-0.001933,0.024736
63.250000,-0.001924,0.024731,-0.001924,0.024731
63.350000,-0.001926,0.024725,-0.001926,0.024725
63.450000,-0.001925,0.024730,-0.001925,0.024730
63.550000,-0.001920,0.024736,-0.001920,0.024736
63.600000,-0.001938,0.024735,-0.001938,0.024735
63.700000,-0.001919,0.024732,-0.001919,0.024732
63.800000,-0.001920,0.024734,-0.001920,0.024734
63.950000,-0.001933,0.024740,-0.001933,0.024740
64.050000,-0.001936,0.024740,-0.001936,0.024740
64.100000,-0.001926,0.024738,-0.001926,0.024738
64.250000,-0.001922,0.024740,-0.001922,0.024740
64.300000,-0.001931,0.024742,-0.001931,0.024742
64.400000,-0.001931,0.024742,-0.001931,0.024742
64.500000,-0.001927,0.024738,-0.001927,0.024738
64.650000,-0.001925,0.024729,-0.001925,0.024729
64.700000,-0.001934,0.024740,-0.001934,0.024740
64.800000,-0.001929,0.024736,-0.001929,0.024736
64.900000,-0.001935,0.024736,-0.001935,0.024736
64.950000,-0.001922,0.024737,-0.001922,0.024737
65.100000,-0.001916,0.024741,-0.001916,0.024741
65.200000,-0.001926,0.024740,-0.001926,0.024740
65.350000,-0.001913,0.024729,-0.001913,0.024729
65.450000,-0.001910,0.024729,-0.001910,0.024729
65.550000,-0.001912,0.024728,-0.001912,0.024728
65.600000,-0.001911,0.024729,-0.001911,0.024729
65.750000,-0.001911,0.024727,-0.001911,0.024727
65.850000,-0.001908,0.024727,-0.001908,0.024727
65.950000,-0.001922,0.024730,-0.001922,0.024730
66.100000,-0.001904,0.024725,-0.001904,0.024725
66.200000,-0.001906,0.024729,-0.001906,0.024729
66.300000,-0.001903,0.024726,-0.001903,0.024726
66.350000,-0.001908,0.024728,-0.001908,0.024728
66.450000,-0.001902,0.024721,-0.001902,0.024721
66.550000,-0.001909,0.024730,-0.001909,0.024730
66.750000,-0.001903,0.024727,-0.001903,0.024727
66.800000,-0.001899,0.024723,-0.001899,0.024723
66.900000,-0.001903,0.024727,-0.001903,0.024727
67.000000,-0.001899,0.024727,-0.001899,0.024727
67.100000,-0.001914,0.024727,-0.001914,0.024727
67.200000,-0.001895,0.024728,-0.001895,0.024728
67.300000,-0.001895,0.024727,-0.001895,0.024727
67.450000,-0.001902,0.024723,-0.001902,0.024723
67.550000,-0.001901,0.024727,-0.001901,0.024727
67.700000,-0.001912,0.024731,-0.001912,0.024731
67.750000,-0.001896,0.024722,-0.001896,0.024722
67.850000,-0.001898,0.024727,-0.001898,0.024727
67.900000,-0.001898,0.024726,-0.001898,0.024726
68.000000,-0.001897,0.024727,-0.001897,0.024727
68.150000,-0.001908,0.024734,-0.001908,0.024734
68.250000,-0.001895,0.024732,-0.001895,0.024732
68.350000,-0.001896,0.024724,-0.001896,0.024724
68.400000,-0.001896,0.024732,-0.001896,0.024732
68.500000,-0.001914,0.024738,-0.001914,0.024738
68.600000,-0.001914,0.024738,-0.001914,0.024738
68.700000,-0.001899,0.024735,-0.001899,0.024735
68.850000,-0.001894,0.024732,-0.001894,0.024732
68.900000,-0.001902,0.024732,-0.001902,0.024732
69.000000,-0.001883,0.024734,-0.001883,0.024734
69.100000,-0.001888,0.024736,-0.001888,0.024736
69.200000,-0.001866,0.024732,-0.001866,0.024732
69.300000,-0.001865,0.024731,-0.001865,0.024731
69.350000,-0.001857,0.024730,-0.001857,0.024730
69.550000,-0.001865,0.024727,-0.001865,0.024727
69.600000,-0.001886,0.024728,-0.001886,0.024728
69.750000,-0.001875,0.024726,-0.001875,0.024726
69.800000,-0.001875,0.024722,-0.001875,0.024722
69.900000,-0.001876,0.024724,-0.001876,0.024724
70.000000,-0.001868,0.024726,-0.001868,0.024726
70.100000,-0.001866,0.024724,-0.001866,0.024724
