0.100000,0.004981,-0.022069,-9.809996
0.200000,0.009955,0.011218,-9.789449
0.300000,0.000000,-0.000000,-9.810000
0.450000,0.000000,0.000000,0.000000
0.550000,0.000000,-0.000000,-9.810000
0.750000,0.019328,-0.109548,-9.810027
0.850000,0.014945,-0.035625,-9.810031
0.950000,0.016538,0.010677,-9.790179
1.050000,0.009893,0.010751,-9.790051
1.150000,-0.000000,0.000000,-9.810000
1.250000,0.003043,0.000018,-9.810073
1.350000,-0.000000,-0.000000,-9.810000
1.500000,0.000000,0.000000,0.000000
1.550000,0.000000,0.000000,0.000000
1.700000,0.009882,-0.004208,-9.810000
1.800000,0.000000,0.000000,0.000000
1.900000,0.000333,-0.000001,-9.810006
2.050000,0.000000,0.000000,0.000000
2.150000,-0.000000,0.000000,-9.810000
2.300000,0.032598,-0.077604,-9.810445
2.400000,-0.000000,-0.000000,-9.810000
2.500000,0.004914,-0.002077,-9.810000
2.600000,-0.000000,0.000000,-9.810000
2.750000,0.013274,-0.004136,-9.810085
2.850000,-0.000000,-0.000000,-9.810000
3.000000,0.014811,-0.142562,-9.843721
3.150000,0.009945,-0.000236,-9.809974
3.250000,0.017025,0.010558,-9.790021
3.350000,0.000000,-0.000000,-9.810000
3.450000,0.000018,-0.000000,-9.810001
3.600000,-0.000000,0.000000,-9.810000
3.700000,0.016640,-0.039804,-9.810161
3.850000,0.000000,0.000000,-9.810000
3.950000,0.000000,0.000000,0.000000
4.050000,0.000000,0.000000,0.000000
4.150000,0.009963,-0.039845,-9.810001
4.250000,0.000000,0.000000,0.000000
4.350000,0.011512,-0.039835,-9.810037
4.450000,0.000000,0.000000,-9.810000
4.600000,0.020083,-0.037749,-9.810235
4.700000,-0.000000,-0.000000,-9.810000
4.800000,0.018384,-0.039808,-9.810204
4.900000,-0.000000,0.000000,-9.810000
5.000000,0.003692,0.000017,-9.810087
5.100000,0.000000,0.000000,0.000000
5.250000,0.017634,-0.039803,-9.810176
5.350000,0.011086,0.012184,-9.788026
5.550000,0.035424,-0.007888,-9.810378
5.650000,0.010165,-0.069395,-9.829489
5.750000,0.000000,0.000000,-9.810000
5.850000,-0.000000,-0.000000,-9.810000
5.950000,0.000000,-0.000000,-9.810000
6.100000,0.032321,-0.061858,-9.810223
6.200000,0.010659,0.011675,-9.788671
6.300000,0.009927,0.012499,-9.787556
6.450000,0.029144,-0.061675,-9.810339
6.550000,0.000000,0.000000,0.000000
6.650000,-0.000000,-0.000000,-9.810000
6.750000,0.000000,0.000000,0.000000
6.900000,0.000000,0.000000,0.000000
6.950000,0.000000,0.000000,0.000000
7.100000,-0.000000,-0.000000,-9.810000
7.200000,0.013510,-0.003886,-9.810087
7.300000,0.010276,-0.079326,-9.831589
7.450000,0.022240,-0.004180,-9.809967
7.600000,0.019971,-0.083651,-9.810014
7.700000,-0.000000,-0.000000,-9.810000
7.850000,0.026241,-0.061667,-9.810278
7.950000,0.010238,0.012234,-9.787846
8.100000,0.014966,-0.061739,-9.810005
8.200000,0.009567,-0.003853,-9.810000
8.350000,0.014967,-0.061734,-9.810005
8.450000,0.009939,-0.038650,-9.809996
8.600000,0.000000,-0.000000,-9.810000
8.800000,-0.013702,-0.079002,-9.881730
8.900000,0.000000,-0.000000,-9.810000
9.000000,0.005568,-0.000024,-9.810043
9.150000,0.019443,-0.039876,-9.810083
9.250000,0.016116,-0.003894,-9.809991
9.400000,0.014747,0.021026,-9.773024
9.500000,0.009730,0.012739,-9.787119
9.650000,0.014969,-0.061708,-9.810005
9.750000,-0.000000,-0.000000,-9.810000
9.900000,0.015544,-0.106934,-9.843331
10.000000,0.009483,-0.003762,-9.810000
10.250000,0.000000,-0.000000,-9.810000
10.400000,-0.009012,-0.044738,-9.852699
10.500000,0.013835,0.021552,-9.772200
10.600000,-0.000000,-0.000000,-9.810000
10.750000,0.009258,0.013125,-9.786517
10.850000,0.015847,-0.003674,-9.810151
11.000000,0.016973,-0.061665,-9.810052
11.100000,-0.000000,-0.000000,-9.810000
11.250000,0.021677,0.021961,-9.771835
11.400000,0.008579,0.000038,-9.810206
11.500000,0.015166,0.022031,-9.771499
11.700000,0.015174,-0.129445,-9.842471
11.850000,-0.000000,-0.000000,-9.810000
12.000000,-0.000000,-0.000000,-9.810000
12.050000,0.000000,0.000000,0.000000
12.200000,-0.000000,-0.000000,-9.810000
12.300000,0.000899,0.000004,-9.810022
12.400000,-0.000000,-0.000000,-9.810000
12.550000,0.012336,-0.003628,-9.810071
12.700000,0.013678,0.017577,-9.770578
12.800000,-0.000000,0.000000,-9.810000
12.900000,-0.000033,-0.001297,-9.810001
13.050000,0.000000,0.000000,0.000000
13.150000,0.010748,-0.039841,-9.810019
13.350000,-0.000000,-0.000000,-9.810000
13.400000,0.000000,0.000000,0.000000
13.500000,0.000708,-0.000004,-9.810010
13.600000,0.003724,0.000020,-9.810090
13.700000,0.010387,-0.097517,-9.832591
13.800000,0.017978,-0.003788,-9.809975
13.900000,0.017815,-0.039868,-9.810134
14.000000,0.009307,-0.003569,-9.810000
14.100000,-0.000000,-0.000000,-9.810000
14.200000,0.000317,0.000001,-9.810008
14.300000,0.000000,0.000000,0.000000
14.400000,0.002447,-0.000035,-9.810012
14.500000,0.002830,-0.000030,-9.810022
14.650000,0.019078,-0.003500,-9.810211
14.850000,0.032023,-0.007091,-9.810210
14.950000,0.000000,0.000000,-9.810000
15.100000,0.000000,0.000000,-9.810000
15.150000,0.000000,0.000000,0.000000
15.250000,0.000000,0.000000,0.000000
15.350000,-0.000000,-0.000000,-9.810000
15.450000,0.000000,-0.000000,-9.810000
15.600000,0.000000,0.000000,-9.810000
15.700000,0.013855,-0.005240,-9.810000
15.800000,-0.000000,-0.000000,-9.810000
15.950000,0.000000,0.000000,0.000000
16.050000,0.009962,-0.039845,-9.810001
16.150000,-0.000000,0.000000,-9.810000
16.250000,-0.000000,-0.000000,-9.810000
16.450000,0.009202,-0.003458,-9.810000
16.650000,0.022997,-0.008633,-9.810000
16.750000,0.010503,-0.067010,-9.828763
16.850000,-0.000000,-0.000000,-9.810000
16.950000,-0.000000,-0.000000,-9.810000
17.050000,0.000871,-0.000011,-9.809998
17.150000,0.000370,-0.000004,-9.810001
17.250000,0.000000,0.000000,-9.810000
17.350000,0.010814,-0.079440,-9.832472
17.450000,0.025718,-0.000411,-9.809925
17.600000,0.023260,-0.061682,-9.809984
17.700000,0.000000,-0.000000,-9.810000
17.800000,0.009116,0.016089,-9.781927
17.900000,-0.000000,-0.000000,-9.810000
18.000000,-0.000000,0.000000,-9.810000
18.200000,0.017639,-0.038072,-9.810061
18.300000,0.016249,-0.117603,-9.843268
18.600000,0.028396,-0.103200,-9.810011
18.700000,-0.000000,-0.000000,-9.810000
18.800000,0.000438,-0.000003,-9.810003
18.950000,0.019599,-0.039916,-9.810035
19.050000,-0.000000,0.000000,-9.810000
19.150000,0.002450,-0.000014,-9.810013
19.300000,0.020253,-0.061509,-9.810073
19.400000,0.009921,-0.038081,-9.809996
19.500000,-0.000000,-0.000000,-9.810000
19.650000,0.000000,0.000000,0.000000
19.750000,0.000000,-0.000000,-9.810000
19.900000,0.000000,0.000000,0.000000
20.000000,-0.000000,-0.000000,-9.810000
20.150000,0.000000,0.000000,0.000000
20.250000,0.009962,-0.039845,-9.810001
20.350000,0.000000,-0.000000,-9.810000
20.500000,0.009962,-0.039844,-9.810000
20.700000,0.020012,-0.083163,-9.810013
20.950000,0.000000,-0.000000,-9.810000
21.050000,0.010561,-0.064546,-9.828056
21.150000,0.000000,0.000000,-9.810000
21.300000,0.010517,-0.038118,-9.809995
21.400000,0.011268,-0.003257,-9.809994
21.500000,-0.000000,-0.000000,-9.810000
21.650000,0.032836,-0.061619,-9.809965
21.750000,0.010844,-0.073516,-9.830754
21.850000,0.000000,0.000000,0.000000
22.000000,0.009918,-0.038125,-9.809996
22.150000,0.015985,-0.061488,-9.810002
22.250000,0.017864,-0.038871,-9.809973
22.350000,0.000000,0.000000,-9.810000
22.500000,0.026239,-0.061544,-9.809983
22.600000,0.015568,-0.038180,-9.809980
22.700000,0.010966,-0.076512,-9.831656
22.800000,0.014152,-0.076527,-9.831646
22.900000,0.020835,-0.000191,-9.809931
23.000000,-0.000000,-0.000000,-9.810000
23.200000,0.022229,-0.161783,-9.855942
23.400000,0.014835,-0.000169,-9.809937
23.500000,0.010823,-0.070737,-9.829947
23.600000,0.011003,-0.076554,-9.831680
23.700000,0.011007,-0.076555,-9.831681
23.800000,0.046991,-0.040367,-9.809882
23.900000,0.013828,-0.040337,-9.809991
24.000000,0.020339,-0.039500,-9.810011
24.100000,0.000000,0.000000,0.000000
24.200000,0.009962,-0.040287,-9.810000
24.300000,0.016659,-0.039840,-9.810085
24.400000,0.008969,-0.002676,-9.810000
24.500000,-0.000000,-0.000000,-9.810000
24.600000,-0.000000,0.000000,-9.810000
24.750000,0.000000,0.000000,0.000000
24.800000,0.000000,0.000000,0.000000
24.900000,0.000000,0.000000,0.000000
25.050000,0.008484,0.018265,-9.778195
25.150000,0.010270,-0.003092,-9.810013
25.250000,0.011070,-0.076631,-9.831727
25.350000,0.014765,-0.003185,-9.809982
25.550000,0.016958,-0.061459,-9.809999
25.750000,0.046485,-0.103261,-9.809965
25.850000,0.010944,-0.034903,-9.809975
25.950000,0.021599,-0.040374,-9.810062
26.100000,0.000000,0.000000,0.000000
26.200000,0.008785,-0.003043,-9.810000
26.300000,-0.000000,-0.000000,-9.810000
26.400000,0.000000,0.000000,0.000000
26.550000,-0.000000,-0.000000,-9.810000
26.650000,0.011127,-0.076711,-9.831775
26.800000,0.015761,-0.000287,-9.809948
26.900000,0.011042,-0.073910,-9.830946
27.000000,0.011141,-0.076732,-9.831787
27.100000,-0.000000,-0.000000,-9.810000
27.200000,0.000000,0.000000,0.000000
27.350000,-0.000000,-0.000000,-9.810000
27.450000,0.016003,-0.040226,-9.810144
27.550000,0.014229,-0.039413,-9.810069
27.650000,0.009962,-0.039844,-9.810000
27.750000,-0.000000,0.000000,-9.810000
27.850000,0.007989,0.019103,-9.776696
27.950000,0.017062,-0.002982,-9.810105
28.050000,0.011183,-0.076797,-9.831826
28.150000,0.011187,-0.076804,-9.831830
28.350000,0.020028,-0.082913,-9.810012
28.600000,-0.017918,0.082372,-9.809995
28.700000,0.028955,-0.057324,-9.810175
28.800000,0.011115,-0.074084,-9.831035
28.900000,-0.000000,-0.000000,-9.810000
29.000000,-0.000000,-0.000000,-9.810000
29.150000,0.015884,-0.038257,-9.810067
29.250000,0.011342,-0.039847,-9.810019
29.400000,0.012095,0.030172,-9.757548
29.500000,-0.000000,-0.000000,-9.810000
29.650000,0.000000,0.000000,0.000000
29.750000,0.000000,0.000000,0.000000
29.850000,0.016264,-0.039805,-9.810134
29.950000,-0.000000,0.000000,-9.810000
30.100000,0.039635,-0.061120,-9.810591
30.200000,0.000000,0.000000,-9.810000
30.350000,0.009909,-0.038260,-9.809997
30.500000,0.014996,-0.061348,-9.810004
30.600000,0.008610,-0.002876,-9.810000
30.750000,0.017241,-0.061338,-9.810039
30.850000,0.008600,-0.002867,-9.810000
31.000000,0.000000,0.000000,0.000000
31.100000,0.000000,0.000000,-9.810000
31.250000,0.017749,-0.061324,-9.810042
31.450000,0.014943,-0.059764,-9.810000
31.750000,0.019636,0.041614,-9.719130
31.950000,0.000000,0.000000,0.000000
32.050000,0.008531,-0.002816,-9.810000
32.150000,0.000000,-0.000000,-9.810000
32.300000,0.000000,0.000000,0.000000
32.400000,0.009907,-0.038290,-9.809996
32.500000,-0.000000,-0.000000,-9.810000
32.600000,0.000851,-0.000002,-9.810009
32.700000,-0.000000,0.000000,-9.810000
32.850000,0.015166,-0.039834,-9.810073
32.950000,0.020159,-0.039905,-9.810057
33.050000,0.010099,-0.002811,-9.809996
33.150000,-0.000000,-0.000000,-9.810000
33.300000,0.018583,-0.038371,-9.810019
33.400000,0.000000,0.000000,0.000000
33.550000,0.000000,0.000000,0.000000
33.650000,0.000000,0.000000,-9.810000
33.800000,0.008492,-0.002765,-9.810000
33.900000,0.014999,-0.061703,-9.810004
34.000000,0.000000,0.000000,-9.810000
34.150000,0.017045,-0.061694,-9.810032
34.250000,0.007695,0.020592,-9.774412
34.400000,0.000000,0.000000,0.000000
34.500000,0.007540,0.020266,-9.774269
34.650000,0.029342,-0.061269,-9.810190
34.750000,0.011343,-0.074715,-9.831367
34.900000,0.022724,-0.061414,-9.809990
35.000000,0.000000,0.000000,-9.810000
35.250000,0.025766,-0.082738,-9.810065
35.500000,0.031809,-0.123330,-9.810041
35.650000,-0.000000,-0.000000,-9.810000
35.750000,0.006847,-0.000020,-9.810066
35.900000,0.009905,-0.038341,-9.809997
36.000000,0.000000,0.000000,0.000000
36.100000,0.000000,0.000000,-9.810000
36.250000,0.000000,-0.000000,-9.810000
36.350000,0.009962,-0.039845,-9.810001
36.500000,0.015001,-0.061261,-9.810004
36.650000,0.016692,-0.059761,-9.810028
36.800000,0.017679,-0.059769,-9.810033
36.900000,0.000000,-0.000000,-9.810000
37.050000,0.008363,-0.002650,-9.810000
37.150000,-0.000000,-0.000000,-9.810000
37.300000,0.000000,0.000000,0.000000
37.400000,0.008350,-0.002639,-9.810000
37.500000,0.000000,0.000000,0.000000
37.650000,0.025317,-0.038522,-9.809997
37.750000,-0.000000,-0.000000,-9.810000
37.850000,-0.000000,0.000000,-9.810000
38.000000,0.005281,-0.000044,-9.810016
38.100000,0.000445,-0.000003,-9.810003
38.250000,0.026523,-0.062754,-9.810087
38.350000,-0.000000,-0.000000,-9.810000
38.500000,0.014829,-0.003938,-9.809996
38.600000,0.000000,-0.000000,-9.810000
38.750000,0.038224,-0.061263,-9.810221
38.850000,0.000000,0.000000,-9.810000
39.100000,0.016002,0.037379,-9.727973
39.350000,0.028382,-0.178401,-9.866927
39.550000,-0.000000,-0.000000,-9.810000
39.650000,-0.000000,0.000000,-9.810000
39.800000,0.017442,-0.061227,-9.810024
39.900000,0.015144,-0.038413,-9.810034
40.000000,0.012640,-0.002615,-9.809991
40.100000,-0.000000,-0.000000,-9.810000
40.200000,-0.000000,-0.000000,-9.810000
40.350000,0.012477,-0.040247,-9.810010
40.450000,-0.000000,-0.000000,-9.810000
40.600000,0.024382,-0.061205,-9.810114
40.700000,0.000000,0.000000,0.000000
40.800000,-0.000000,-0.000000,-9.810000
40.950000,0.000000,0.000000,0.000000
41.050000,0.019525,-0.039828,-9.810129
41.150000,-0.000000,-0.000000,-9.810000
41.300000,-0.000000,-0.000000,-9.810000
41.500000,0.000050,-0.000000,-9.810001
41.650000,0.000000,0.000000,0.000000
41.750000,0.008186,-0.002497,-9.810000
41.900000,0.017704,-0.123349,-9.844741
42.050000,0.031256,-0.060094,-9.809958
42.200000,0.000000,0.000000,0.000000
42.300000,0.014847,-0.038468,-9.810037
42.450000,0.000000,0.000000,-9.810000
42.550000,0.011851,-0.038430,-9.810030
42.700000,0.000000,0.000000,0.000000
42.800000,0.008795,-0.002476,-9.810002
42.950000,0.000000,0.000000,0.000000
43.050000,0.009900,-0.038997,-9.809996
43.200000,0.015005,-0.060611,-9.810005
43.300000,0.022820,-0.038333,-9.810297
43.450000,0.015005,-0.061540,-9.810005
43.750000,-0.000000,0.000000,-9.810000
44.000000,0.028235,-0.099597,-9.810050
44.100000,0.000000,-0.000000,-9.810000
44.250000,0.009836,-0.037066,-9.809990
44.350000,0.009962,-0.040215,-9.810001
44.450000,0.006788,0.024579,-9.766822
44.600000,0.000000,0.000000,0.000000
44.700000,-0.000000,-0.000000,-9.810000
44.800000,0.000000,-0.000000,-9.810000
44.900000,0.000000,-0.000000,-9.810000
45.050000,0.024584,-0.038351,-9.810345
45.150000,0.009962,-0.039845,-9.810001
45.250000,-0.000000,-0.000000,-9.810000
45.350000,0.000000,0.000000,0.000000
45.450000,-0.000000,-0.000000,-9.810000
45.550000,0.000286,-0.000001,-9.810004
45.650000,0.027714,-0.041096,-9.810422
45.750000,0.000000,0.000000,0.000000
45.850000,0.006682,0.024670,-9.765884
45.950000,-0.000000,0.000000,-9.810000
46.050000,0.000000,-0.000000,-9.810000
46.150000,-0.000000,0.000000,-9.810000
46.300000,0.028299,-0.062440,-9.810321
46.400000,0.000000,-0.000000,-9.810000
46.500000,-0.000000,-0.000000,-9.810000
46.700000,-0.000678,-0.065498,-9.897707
46.800000,0.016078,-0.003508,-9.810099
46.900000,0.000000,0.000000,-9.810000
47.050000,0.015007,-0.061123,-9.810005
47.150000,0.000000,-0.000000,-9.810000
47.300000,0.027452,-0.061443,-9.810301
47.400000,-0.000000,0.000000,-9.810000
47.550000,0.022049,-0.061081,-9.810177
47.650000,0.006589,0.024424,-9.766039
47.800000,0.012566,0.031275,-9.740519
48.050000,0.022551,-0.081549,-9.810070
48.300000,0.024972,-0.100399,-9.810011
48.400000,0.000000,0.000000,0.000000
48.550000,-0.000000,-0.000000,-9.810000
48.650000,0.012031,-0.079236,-9.833284
48.750000,-0.000000,-0.000000,-9.810000
48.850000,-0.000000,-0.000000,-9.810000
48.950000,0.011094,0.011133,-9.789788
49.050000,0.007995,0.026612,-9.762283
49.150000,0.028888,-0.039736,-9.810449
49.200000,0.000000,0.000000,0.000000
49.350000,-0.000000,0.000000,-9.810000
49.400000,0.000000,0.000000,0.000000
49.550000,0.000000,0.000000,0.000000
49.600000,0.000000,0.000000,0.000000
49.750000,0.010637,-0.039842,-9.810015
49.850000,0.000000,-0.000000,-9.810000
49.950000,0.003894,0.000006,-9.810075
50.050000,0.000000,0.000000,-9.810000
50.200000,0.012693,-0.038499,-9.810061
50.300000,0.007069,0.026173,-9.762762
50.450000,0.000000,0.000000,-9.810000
50.550000,0.000000,0.000000,0.000000
50.700000,0.011990,-0.077297,-9.832802
50.800000,-0.000000,0.000000,-9.810000
50.950000,0.015671,-0.061078,-9.810012
51.100000,0.014943,-0.060288,-9.810000
51.200000,-0.000000,-0.000000,-9.810000
51.350000,0.017235,-0.061071,-9.810030
51.500000,0.017958,-0.060323,-9.809994
51.650000,0.018398,-0.059282,-9.809993
51.750000,0.000000,-0.000000,-9.810000
51.900000,-0.000000,-0.000000,-9.810000
52.000000,0.000000,0.000000,-9.810000
52.150000,0.019521,-0.061073,-9.810006
52.300000,0.016960,-0.059772,-9.809995
52.450000,0.014943,-0.059766,-9.810000
52.550000,0.007818,-0.002185,-9.810000
52.700000,0.019262,-0.061048,-9.809995
52.950000,0.017034,-0.060276,-9.809994
53.200000,0.038859,-0.122805,-9.810010
53.450000,0.024834,-0.098341,-9.809984
53.650000,0.000000,0.000000,0.000000
53.750000,0.009759,-0.036882,-9.809978
53.850000,-0.000000,-0.000000,-9.810000
54.000000,-0.000000,-0.000000,-9.810000
54.050000,0.000000,0.000000,0.000000
54.200000,-0.000000,-0.000000,-9.810000
54.300000,0.013712,0.027652,-9.759698
54.400000,0.000000,0.000000,-9.810000
54.550000,0.018644,-0.061014,-9.809993
54.650000,0.009895,-0.038579,-9.809995
54.750000,0.028906,-0.039748,-9.809938
54.850000,0.000000,0.000000,0.000000
55.000000,0.007737,-0.002120,-9.810000
55.100000,-0.000000,0.000000,-9.810000
55.200000,0.000000,-0.000000,-9.810000
55.300000,0.000729,0.000004,-9.809998
55.400000,0.000000,-0.000000,-9.810000
55.500000,0.000000,-0.000000,-9.810000
55.600000,-0.000000,-0.000000,-9.810000
55.750000,0.017618,0.028176,-9.758522
55.850000,0.000000,0.000000,0.000000
55.900000,0.000000,0.000000,0.000000
56.000000,-0.000000,-0.000000,-9.810000
56.150000,0.029932,-0.039787,-9.809944
56.250000,0.000000,-0.000000,-9.810000
56.400000,0.019734,-0.060996,-9.809992
56.500000,0.009895,-0.038600,-9.809995
56.600000,0.005865,0.028481,-9.757869
56.700000,0.000000,0.000000,-9.810000
56.850000,0.000000,0.000000,0.000000
56.950000,0.005886,0.027757,-9.759045
57.050000,0.005830,0.028655,-9.757495
57.200000,0.000000,0.000000,0.000000
57.300000,-0.000000,-0.000000,-9.810000
57.450000,-0.000000,-0.000000,-9.810000
57.550000,0.018583,-0.038579,-9.809965
57.700000,0.025419,-0.060954,-9.809970
57.800000,-0.000000,0.000000,-9.810000
57.950000,0.009894,-0.038615,-9.809995
58.200000,0.020060,-0.082136,-9.810014
58.450000,0.000000,-0.000000,-9.810000
58.650000,0.015535,-0.004059,-9.810000
58.750000,0.014874,-0.058552,-9.809993
58.850000,0.000000,0.000000,0.000000
58.950000,0.009962,-0.039845,-9.810001
59.050000,0.000000,0.000000,0.000000
59.100000,0.000000,0.000000,0.000000
59.200000,0.000000,0.000000,0.000000
59.350000,0.000000,0.000000,-9.810000
59.400000,0.000000,0.000000,0.000000
59.500000,-0.000000,-0.000000,-9.810000
59.600000,-0.000000,-0.000000,-9.810000
59.750000,0.000000,0.000000,0.000000
59.850000,0.000000,0.000000,0.000000
59.950000,0.017917,-0.039808,-9.809977
60.050000,0.000000,-0.000000,-9.810000
60.150000,0.011483,0.029931,-9.754792
60.250000,0.006377,0.000036,-9.809980
60.400000,0.000000,0.000000,-9.810000
60.500000,0.006191,0.030043,-9.754498
60.600000,0.000000,-0.000000,-9.810000
60.750000,0.019912,-0.060951,-9.809991
60.850000,0.005578,0.029320,-9.755687
61.000000,0.018040,-0.061278,-9.809996
61.150000,0.033948,-0.059382,-9.809937
61.300000,0.000000,0.000000,-9.810000
61.350000,0.000000,0.000000,0.000000
61.500000,0.005473,0.030462,-9.753586
61.600000,0.000000,0.000000,-9.810000
61.750000,0.000000,0.000000,0.000000
61.850000,-0.000000,-0.000000,-9.810000
62.000000,0.005485,0.029805,-9.754638
62.100000,0.000000,-0.000000,-9.810000
62.250000,0.000000,0.000000,0.000000
62.350000,-0.000000,-0.000000,-9.810000
62.500000,0.009893,-0.038664,-9.809995
62.600000,-0.000000,-0.000000,-9.810000
62.750000,0.000000,0.000000,0.000000
62.850000,0.000000,-0.000000,-9.810000
63.000000,0.024555,-0.038588,-9.809946
63.150000,0.000000,-0.000000,-9.810000
63.250000,0.009138,0.030363,-9.753446
63.400000,0.025656,-0.060921,-9.809975
63.500000,-0.000000,-0.000000,-9.810000
63.650000,0.033232,-0.060917,-9.809952
63.750000,-0.000000,-0.000000,-9.810000
63.950000,0.033582,-0.082309,-9.809972
64.250000,0.018632,-0.004433,-9.810000
64.500000,0.023420,0.079463,-9.662131
64.750000,0.024905,-0.099607,-9.810001
64.850000,0.014802,-0.057477,-9.809980
64.950000,0.000000,-0.000000,-9.810000
65.050000,-0.000000,-0.000000,-9.810000
65.200000,0.021819,-0.039757,-9.809959
65.300000,0.006496,0.032161,-9.749889
65.450000,0.021541,-0.060864,-9.809985
65.550000,0.007406,-0.001864,-9.810000
65.700000,-0.000000,-0.000000,-9.810000
65.800000,0.021350,-0.038600,-9.809956
65.900000,0.000000,-0.000000,-9.810000
66.000000,-0.000000,0.000000,-9.810000
66.100000,-0.000000,-0.000000,-9.810000
66.250000,0.009962,-0.039845,-9.810001
66.350000,0.009962,-0.039845,-9.810000
66.450000,0.012905,-0.083875,-9.836053
66.550000,0.001793,0.000013,-9.809994
66.700000,0.015614,-0.038665,-9.809975
66.800000,0.012649,-0.039825,-9.809993
66.900000,0.000000,0.000000,0.000000
67.000000,-0.000000,-0.000000,-9.810000
67.150000,0.022136,-0.060859,-9.809986
67.250000,0.009893,-0.039170,-9.809994
67.450000,0.020063,-0.081482,-9.810017
67.550000,0.005074,0.031471,-9.750659
67.650000,0.000000,0.000000,-9.810000
67.750000,0.000490,0.000003,-9.809999
67.850000,0.012987,-0.084400,-9.836366
67.950000,-0.000000,-0.000000,-9.810000
68.100000,0.015012,-0.060890,-9.810007
68.200000,0.012475,-0.038707,-9.809985
68.300000,0.007327,-0.001804,-9.810000
68.450000,0.000000,0.000000,0.000000
68.550000,0.000000,-0.000000,-9.810000
68.650000,-0.000000,-0.000000,-9.810000
68.800000,0.000000,0.000000,0.000000
68.950000,0.009971,-0.039845,-9.810001
69.050000,0.000000,-0.000000,-9.810000
69.150000,0.000000,0.000000,0.000000
69.250000,-0.000000,0.000000,-9.810000
69.350000,0.000000,0.000000,0.000000
69.500000,0.000000,0.000000,0.000000
69.600000,0.000000,0.000000,0.000000
69.700000,0.013099,-0.085144,-9.836810
69.800000,0.004760,0.034379,-9.744989
69.950000,0.018887,-0.061152,-9.809994
70.100000,0.017324,-0.059458,-9.809992
70.300000,0.035745,-0.154807,-9.864589
70.550000,0.026778,-0.004352,-9.809960
70.800000,0.029646,-0.100324,-9.809980
71.000000,0.034182,-0.077788,-9.809934
71.100000,0.009822,-0.037667,-9.809984
71.200000,-0.000000,-0.000000,-9.810000
71.300000,-0.000000,0.000000,-9.810000
71.450000,0.014964,-0.039814,-9.809985
71.550000,0.007232,-0.001735,-9.810000
71.650000,0.013224,-0.085997,-9.837318
71.750000,0.000000,0.000000,0.000000
71.900000,0.013090,-0.084046,-9.836708
72.000000,0.000000,-0.000000,-9.810000
72.100000,0.000000,-0.000000,-9.810000
72.250000,-0.000000,-0.000000,-9.810000
72.350000,0.011276,-0.001698,-9.809988
72.450000,0.000000,0.000000,0.000000
72.600000,0.010268,-0.038766,-9.809992
72.700000,0.011492,-0.039839,-9.809996
72.800000,0.000000,0.000000,-9.810000
72.900000,0.000000,-0.000000,-9.810000
73.050000,0.000000,-0.000000,-9.810000
73.150000,0.009962,-0.039846,-9.810000
73.250000,-0.000000,0.000000,-9.810000
73.350000,0.000000,0.000000,0.000000
73.500000,0.007173,-0.001694,-9.810000
73.650000,0.027229,-0.060849,-9.809972
73.750000,0.000000,-0.000000,-9.810000
73.850000,0.000000,0.000000,-9.810000
74.000000,0.007159,-0.001684,-9.810000
74.100000,0.000000,0.000000,-9.810000
74.200000,-0.000000,-0.000000,-9.810000
74.350000,0.030679,-0.060816,-9.809956
74.450000,-0.000000,-0.000000,-9.810000
74.600000,0.021081,-0.039189,-9.809960
74.700000,0.000000,-0.000000,-9.810000
74.850000,0.000000,0.000000,0.000000
74.950000,0.004334,0.036419,-9.740129
75.100000,0.000000,0.000000,0.000000
75.200000,0.013316,-0.085715,-9.837685
75.350000,0.032421,-0.060835,-9.809947
75.450000,0.013334,-0.085852,-9.837766
75.600000,0.001042,-0.000002,-9.809996
75.700000,0.014675,-0.002483,-9.809987
75.850000,0.014943,-0.059768,-9.810000
75.950000,0.013371,-0.086128,-9.837929
76.050000,-0.000000,-0.000000,-9.810000
76.200000,0.022850,-0.061109,-9.809986
76.300000,-0.000000,-0.000000,-9.810000
76.450000,0.016061,-0.038808,-9.809976
76.600000,-0.000000,-0.000000,-9.810000
76.700000,0.031027,-0.060824,-9.809968
76.800000,0.000000,0.000000,-9.810000
76.950000,0.020553,-0.135104,-9.854108
77.100000,0.014943,-0.059768,-9.810000
77.250000,0.009892,-0.038810,-9.809992
77.500000,0.031035,-0.102705,-9.810017
77.700000,0.030193,-0.100349,-9.809982
78.000000,0.018913,-0.003327,-9.809997
78.250000,-0.000000,-0.000000,-9.810000
78.300000,0.000000,0.000000,0.000000
78.450000,-0.000000,0.000000,-9.810000
78.550000,0.016359,-0.040160,-9.809982
78.650000,0.024988,-0.039938,-9.809957
78.750000,-0.000000,0.000000,-9.810000
78.900000,0.011580,-0.001612,-9.809986
79.000000,0.004604,0.040083,-9.732366
79.100000,0.004111,-0.000025,-9.809989
79.300000,0.000000,0.000000,-9.810000
79.450000,0.000000,0.000000,-9.810000
79.600000,0.019707,-0.036960,-9.809939
79.700000,0.007003,-0.001573,-9.810000
79.800000,0.021369,-0.039924,-9.810011
79.900000,0.011084,-0.039857,-9.809998
80.000000,0.013851,-0.090672,-9.840105
80.150000,0.015012,-0.060774,-9.810010
80.250000,0.009892,-0.038841,-9.809991
80.300000,0.000000,0.000000,0.000000
80.450000,0.000000,-0.000000,-9.810000
80.550000,0.000000,0.000000,0.000000
80.650000,0.003658,0.041340,-9.729574
80.800000,0.010432,-0.001586,-9.809997
80.900000,-0.000000,-0.000000,-9.810000
81.000000,0.000000,0.000000,0.000000
81.100000,0.000000,0.000000,0.000000
81.250000,0.000000,0.000000,0.000000
81.350000,-0.000000,-0.000000,-9.810000
81.450000,-0.000000,-0.000000,-9.810000
81.600000,0.022225,-0.060803,-9.810007
81.700000,0.014666,-0.039307,-9.809976
81.800000,0.018027,-0.039781,-9.809978
81.900000,-0.000000,0.000000,-9.810000
82.000000,0.000000,0.000000,-9.810000
82.150000,0.000000,0.000000,0.000000
82.250000,0.000000,0.000000,-9.810000
82.400000,0.034291,-0.060772,-9.810088
82.550000,0.003512,0.041902,-9.728014
82.650000,0.015012,-0.060750,-9.810011
82.800000,0.000000,0.000000,0.000000
82.900000,0.009893,-0.038864,-9.809991
83.000000,0.003376,0.043304,-9.725226
83.150000,0.002436,-0.000025,-9.809994
83.350000,0.028505,-0.059803,-9.810066
83.450000,0.000000,0.000000,-9.810000
83.600000,0.007725,-0.001509,-9.809998
83.750000,0.021465,-0.142258,-9.858412
83.900000,0.022928,-0.060280,-9.809974
84.000000,-0.000000,-0.000000,-9.810000
84.150000,0.013082,-0.002276,-9.809991
84.300000,0.000000,0.000000,0.000000
84.400000,-0.000000,-0.000000,-9.810000
84.500000,0.000000,0.000000,0.000000
84.650000,0.000000,0.000000,-9.810000
84.800000,0.009893,-0.038882,-9.809990
85.100000,-0.000000,0.000000,-9.810000
85.400000,0.017133,-0.003682,-9.810000
85.650000,0.004397,-0.281972,-10.360623
85.950000,0.036064,-0.098710,-9.810092
86.050000,0.000000,0.000000,0.000000
86.200000,0.001789,0.019209,-9.771820
86.300000,-0.000000,-0.000000,-9.810000
86.400000,-0.000000,0.000000,-9.810000
86.500000,-0.000000,-0.000000,-9.810000
86.600000,0.000000,-0.000000,-9.810000
86.700000,0.000000,0.000000,0.000000
86.850000,-0.000000,0.000000,-9.810000
86.950000,-0.000000,0.000000,-9.810000
87.050000,-0.000000,0.000000,-9.810000
87.100000,0.000000,0.000000,0.000000
87.300000,-0.000000,-0.000000,-9.810000
87.450000,0.000000,0.000000,-9.810000
87.550000,0.000000,-0.000000,-9.810000
87.650000,-0.000000,-0.000000,-9.810000
87.800000,-0.000000,-0.000000,-9.810000
87.900000,-0.000000,-0.000000,-9.810000
88.050000,-0.000000,-0.000000,-9.810000
88.200000,-0.000000,-0.000000,-9.810000
88.350000,-0.000000,-0.000000,-9.810000
88.500000,0.000000,0.000000,-9.810000
88.600000,-0.000000,0.000000,-9.810000
88.700000,0.000000,-0.000000,-9.810000
88.850000,0.000000,0.000000,-9.810000
88.950000,-0.000000,-0.000000,-9.810000
89.100000,0.000000,0.000000,0.000000
89.200000,-0.000000,-0.000000,-9.810000
89.300000,-0.000000,-0.000000,-9.810000
89.450000,0.000000,0.000000,0.000000
89.500000,0.000000,0.000000,0.000000
89.650000,0.000000,0.000000,-9.810000
89.750000,0.000000,0.000000,-9.810000
89.850000,0.000000,0.000000,-9.810000
89.950000,0.000000,0.000000,-9.810000
90.100000,-0.000000,-0.000000,-9.810000
