28.838758,28.84291315,28.84087257,,0,0,0
28.83884652,28.84506649,28.83922597,,8.85242E-05,0.002153342,-0.001646599
28.83711278,28.84383264,28.83794187,,-0.001645221,0.000919492,-0.002930704
28.83825542,28.84469566,28.83986407,,-0.000502574,0.001782513,-0.0010085
28.83830981,28.84458302,28.83956946,,-0.000448187,0.001669867,-0.001303113
28.8256495,28.839559,28.82578217,,-0.013108495,-0.003354149,-0.015090397
28.84095217,28.84332004,28.84277419,,0.002194176,0.000406886,0.00190162
28.84623482,28.8540971,28.84791782,,0.007476825,0.011183948,0.007045247
28.8379246,28.84485636,28.83960932,,-0.000833397,0.001943212,-0.001263247
28.82904663,28.84100072,28.83113133,,-0.009711368,-0.00191243,-0.009741238
28.83734541,28.84469406,28.83940918,,-0.001412588,0.00178091,-0.001463389
28.83668843,28.84527095,28.83737071,,-0.002069571,0.002357803,-0.003501864
28.8377421,28.84513408,28.83974794,,-0.001015891,0.00222093,-0.001124625
28.83734923,28.84417688,28.83894928,,-0.001408764,0.00126373,-0.001923285
28.82520492,28.84043428,28.82669177,,-0.013553075,-0.002478871,-0.014180798
28.84130359,28.84312414,28.83959573,,0.002545595,0.000210989,-0.001276837
28.83577376,28.8429253,28.83951813,,-0.002984234,1.21478E-05,-0.001354442
28.83643935,28.84346676,28.83712051,,-0.002318648,0.00055361,-0.003752059
28.83755803,28.84396556,28.83971458,,-0.001199969,0.00105241,-0.001157993
28.83076686,28.84171701,28.82941804,,-0.007991137,-0.001196144,-0.011454527
28.83816421,28.84440296,28.83987246,,-0.000593784,0.001489805,-0.001000109
28.8308138,28.84302051,28.83122625,,-0.007944192,0.000107358,-0.009646315
28.83877799,28.84353664,28.83780171,,1.99927E-05,0.000623485,-0.003070856
28.84427951,28.84288211,28.84028866,,0.005521519,-3.10362E-05,-0.000583911
28.8404508,28.84369494,28.8414223,,0.001692799,0.000781787,0.000549734
28.83921688,28.84314195,28.83763685,,0.000458885,0.000228801,-0.003235722
28.83739028,28.84198177,28.8360963,,-0.001367712,-0.000931383,-0.004776273
28.83846081,28.84351246,28.83785741,,-0.00029719,0.000599313,-0.003015164
28.82782304,28.84314982,28.83733368,,-0.010934958,0.000236669,-0.003538894
28.84189682,28.8412164,28.83974609,,0.003138829,-0.001696753,-0.00112648
28.83854738,28.84265206,28.83789386,,-0.000210616,-0.000261091,-0.002978713
28.83897016,28.84363122,28.83802759,,0.000212161,0.000718068,-0.002844982
28.83952432,28.84418596,28.83822755,,0.000766322,0.001272807,-0.002645017
28.84163826,28.84575048,28.83929297,,0.002880265,0.002837329,-0.001579598
28.85258299,28.86341041,28.85515002,,0.013824999,0.020497257,0.014277452
28.83817674,28.84422705,28.83895139,,-0.000581258,0.001313895,-0.001921184
28.83864913,28.84482725,28.84115546,,-0.000108867,0.0019141,0.000282891
28.8296392,28.84091749,28.83152074,,-0.009118794,-0.001995662,-0.009351834
28.83663585,28.84369773,28.8387547,,-0.002122143,0.000784575,-0.002117868
28.82641247,28.8411956,28.82558339,,-0.012345525,-0.001717548,-0.015289185
28.83735342,28.84439505,28.83966849,,-0.001404573,0.001481902,-0.001204075
28.83702929,28.84468342,28.84158745,,-0.001728706,0.00177027,0.000714884
28.83672466,28.8440489,28.83887011,,-0.002033331,0.001135747,-0.002002461
28.83629021,28.8434186,28.83805001,,-0.002467781,0.000505445,-0.002822561
28.82876179,28.84555646,28.83889385,,-0.00999621,0.002643306,-0.001978723
28.83814571,28.84467219,28.83961975,,-0.000612287,0.001759036,-0.001252819
28.83714955,28.84400408,28.83842354,,-0.001608442,0.001090929,-0.00244903
28.831463,28.84152637,28.83779241,,-0.007294997,-0.001386781,-0.003080164
28.83860896,28.84517256,28.83956189,,-0.000149036,0.002259412,-0.001310678
28.82858602,28.8449374,28.83945945,,-0.010171973,0.002024252,-0.001413124
28.83762689,28.8448066,28.84001041,,-0.001131102,0.001893445,-0.000862159
28.82731527,28.84020228,28.83750774,,-0.011442723,-0.002710869,-0.003364829
28.8410957,28.84196199,28.84295184,,0.002337707,-0.000951159,0.002079272
28.83703946,28.84350363,28.83925412,,-0.001718534,0.00059048,-0.001618447
28.83531592,28.8445612,28.83621124,,-0.003442074,0.001648046,-0.004661325
28.83773296,28.84391125,28.83920668,,-0.001025037,0.000998095,-0.001665886
28.82576802,28.84023516,28.82666197,,-0.01298998,-0.002677991,-0.014210597
28.83733016,28.84289665,28.83793086,,-0.001427836,-1.65043E-05,-0.002941714
28.83156881,28.84166759,28.83932024,,-0.007189189,-0.001245559,-0.001552334
28.83805848,28.84324372,28.83836769,,-0.000699511,0.000330571,-0.002504883
28.83597327,28.84363964,28.83501818,,-0.002784724,0.000726488,-0.005854388
28.83770082,28.84401185,28.83938152,,-0.001057179,0.001098703,-0.001491052
28.83678251,28.84409359,28.83803853,,-0.001975486,0.001180443,-0.00283404
28.83674142,28.84406519,28.83861323,,-0.002016577,0.001152042,-0.002259336
28.83816334,28.84572194,28.83875259,,-0.00059466,0.002808792,-0.002119983
28.83905623,28.84471027,28.83880388,,0.000298234,0.001797121,-0.002068688
28.84403949,28.85617202,28.85152743,,0.00528149,0.013258874,0.010654863
28.8380683,28.8455186,28.84175281,,-0.000689694,0.002605451,0.000880243
28.83654773,28.84366718,28.83793675,,-0.002210268,0.000754026,-0.00293582
28.84964036,28.86271266,28.85170942,,0.01088236,0.019799506,0.010836846
28.83890205,28.8463498,28.84115211,,0.000144055,0.003436654,0.000279544
28.83770784,28.84452845,28.83922476,,-0.001050153,0.0016153,-0.001647809
28.83318983,28.84129933,28.83399338,,-0.00556817,-0.001613822,-0.006879188
28.83626293,28.843026,28.83853321,,-0.002495067,0.00011285,-0.002339361
28.82574019,28.8448148,28.83893672,,-0.013017803,0.001901655,-0.001935855
28.83375562,28.84088339,28.83468178,,-0.005002372,-0.002029761,-0.006190793
28.83752167,28.84365939,28.83875055,,-0.00123633,0.000746238,-0.00212202
28.83943492,28.84499459,28.84150459,,0.000676924,0.002081442,0.000632025
28.86565225,28.88172616,28.87433966,,0.026894251,0.038813013,0.03346709
28.83731471,28.84420058,28.83679582,,-0.001443288,0.001287425,-0.00407675
28.83375863,28.84262178,28.83527403,,-0.00499937,-0.000291371,-0.005598539
28.83824981,28.8450411,28.8392878,,-0.000508189,0.002127946,-0.001584771
28.83184575,28.84541689,28.83352174,,-0.006912242,0.002503743,-0.007350833
28.83944587,28.84574459,28.84136608,,0.00068787,0.002831438,0.000493506
28.83486365,28.84271185,28.83649878,,-0.003894344,-0.0002013,-0.004373792
28.83698316,28.8435239,28.83926643,,-0.001774841,0.000610751,-0.00160614
28.83836413,28.84471307,28.83870547,,-0.000393862,0.001799922,-0.002167101
28.8301382,28.8412297,28.83140381,,-0.008619793,-0.001683446,-0.009468755
28.84133099,28.84338202,28.84186267,,0.002572992,0.000468872,0.000990098
28.8377373,28.84502187,28.83894873,,-0.001020695,0.002108719,-0.001923835
28.83637842,28.84355291,28.83779932,,-0.002379579,0.000639759,-0.003073253
28.83564255,28.84361452,28.8383852,,-0.003115447,0.000701366,-0.002487372
28.8296357,28.84410736,28.83783487,,-0.009122298,0.001194208,-0.003037696
28.83357957,28.84310994,28.83711905,,-0.005178428,0.000196788,-0.003753522
28.83595522,28.84379078,28.84057791,,-0.002802774,0.000877628,-0.000294656
28.82467786,28.84030711,28.82662838,,-0.014080133,-0.002606038,-0.014244193
28.83596811,28.84429143,28.83944145,,-0.002789886,0.001378276,-0.001431116
28.83716707,28.845075,28.83889637,,-0.001590927,0.002161845,-0.001976201
28.84094412,28.84367773,28.8393366,,0.002186127,0.000764579,-0.001535967
28.83719052,28.84467752,28.84042633,,-0.001567475,0.001764368,-0.000446238
28.84035164,28.8490696,28.8433499,,0.001593644,0.006156454,0.002477334
28.83708245,28.84378819,28.83948094,,-0.001675547,0.00087504,-0.001391634
28.83425657,28.8426705,28.83575349,,-0.004501423,-0.00024265,-0.005119079
28.83775571,28.84534759,28.84152423,,-0.001002283,0.002434436,0.000651659
28.83767941,28.84571405,28.83405687,,-0.00107859,0.0028009,-0.0068157
28.83600015,28.84384682,28.84168038,,-0.002757845,0.000933668,0.000807812
28.83967772,28.84751363,28.84330845,,0.000919723,0.004600483,0.002435878
28.8329488,28.84322016,28.8369859,,-0.0058092,0.000307007,-0.003886674
28.83730327,28.84511821,28.83950376,,-0.001454725,0.002205062,-0.001368809
28.83356896,28.8426022,28.8348707,,-0.005189039,-0.00031095,-0.006001869
28.83681621,28.84382595,28.83774352,,-0.001941791,0.0009128,-0.003129048
28.82949036,28.84327409,28.83065887,,-0.009267637,0.000360936,-0.010213704
28.83673201,28.84382499,28.83932554,,-0.002025984,0.000911837,-0.001547025
28.82911774,28.84075645,28.83072434,,-0.009640252,-0.002156696,-0.01014823
28.83797693,28.84140276,28.84263667,,-0.000781068,-0.00151039,0.001764105
28.8305494,28.84090044,28.8336472,,-0.008208593,-0.002012706,-0.007225368
28.83766445,28.84460979,28.83835245,,-0.001093548,0.001696638,-0.002520117
28.8294306,28.84548919,28.83906575,,-0.0093274,0.002576039,-0.001806821
28.83484412,28.84344131,28.83550159,,-0.003913878,0.000528163,-0.005370982
28.83785961,28.84363753,28.84000375,,-0.000898388,0.000724382,-0.000868816
28.82760438,28.84041248,28.82929976,,-0.011153618,-0.002500669,-0.011572813
28.83957265,28.8448042,28.8399129,,0.000814658,0.001891051,-0.000959669
28.84002993,28.84388286,28.83974086,,0.001271938,0.000969705,-0.001131714
28.84039923,28.84490816,28.84020004,,0.001641233,0.001995005,-0.000672529
28.84139652,28.84558746,28.84039158,,0.002638522,0.002674314,-0.000480993
28.83840142,28.84540054,28.836154,,-0.00035658,0.002487387,-0.004718571
28.83905751,28.84405511,28.8380879,,0.000299518,0.001141962,-0.002784671
28.85373184,28.86281613,28.86105931,,0.014973846,0.019902984,0.020186737
28.84007292,28.84537669,28.84015544,,0.001314919,0.002463544,-0.000717128
28.8408968,28.84704697,28.83937901,,0.002138802,0.004133824,-0.001493559
28.83759208,28.84383933,28.83924236,,-0.001165913,0.00092618,-0.001630212
28.83697841,28.84364852,28.83846486,,-0.00177959,0.000735369,-0.002407714
28.82992494,28.84085716,28.83946041,,-0.008833059,-0.00205599,-0.001412157
28.83574635,28.84300027,28.83780582,,-0.003011646,8.7121E-05,-0.003066748
28.83649898,28.84350183,28.83764339,,-0.002259012,0.000588675,-0.003229182
28.83485072,28.84244128,28.84036082,,-0.003907274,-0.000471872,-0.000511752
28.83468608,28.84392541,28.84086915,,-0.004071917,0.001012255,-3.41525E-06
28.83039596,28.84498611,28.83421847,,-0.00836204,0.002072958,-0.006654095
28.83633691,28.84371869,28.83758841,,-0.002421089,0.000805537,-0.003284159
28.82824892,28.84084737,28.83205708,,-0.010509076,-0.002065784,-0.008815495
28.83564716,28.84362611,28.83883869,,-0.003110831,0.00071296,-0.00203388
28.83177565,28.84163227,28.83677374,,-0.006982349,-0.001280876,-0.004098825
28.83537213,28.84325978,28.83751373,,-0.003385862,0.000346629,-0.003358843
28.83085904,28.84335586,28.83301744,,-0.007898954,0.00044271,-0.007855134
28.83695489,28.8441102,28.83809536,,-0.001803104,0.001197046,-0.002777213
28.83725256,28.84500557,28.84104206,,-0.001505433,0.002092415,0.000169488
28.83472838,28.84505934,28.8348466,,-0.004029611,0.00214619,-0.006025965
28.8357918,28.84391219,28.83826368,,-0.002966194,0.000999035,-0.002608893
28.83346271,28.84399866,28.83923882,,-0.00529529,0.001085509,-0.001633746
28.82902705,28.84272689,28.838798,,-0.009730948,-0.000186259,-0.002074566
28.83056653,28.84317338,28.83782388,,-0.008191469,0.000260228,-0.003048693
28.83751108,28.84576947,28.83999018,,-0.001246917,0.002856319,-0.000882387
28.83580468,28.84415459,28.84031729,,-0.002953318,0.001241437,-0.000555283
28.83682386,28.84457277,28.83954413,,-0.001934135,0.001659623,-0.001328436
28.84540794,28.84415091,28.84790015,,0.00664994,0.001237757,0.007027582
28.84119496,28.84316336,28.84321861,,0.002436966,0.000250214,0.002346037
28.83824933,28.84487166,28.83962378,,-0.000508664,0.001958514,-0.001248787
28.83545942,28.84343806,28.83560283,,-0.003298574,0.000524913,-0.005269743
28.837236,28.84450685,28.83849572,,-0.001521995,0.001593697,-0.002376851
28.83285337,28.84236556,28.83688551,,-0.005904623,-0.000547588,-0.003987063
28.84369305,28.84308443,28.84345468,,0.004935058,0.000171278,0.00258211
28.83622518,28.84174615,28.83765428,,-0.002532815,-0.001167003,-0.003218289
28.8362045,28.84392246,28.83733754,,-0.002553497,0.001009314,-0.003535034
28.83275147,28.84227025,28.83618242,,-0.006006523,-0.000642897,-0.00469015
28.83605494,28.84371427,28.83819895,,-0.002703054,0.000801122,-0.002673624
28.84212641,28.84353751,28.84310312,,0.003368411,0.000624359,0.002230546
28.83684447,28.84288179,28.83861221,,-0.001913522,-3.13634E-05,-0.00226036
28.84821871,28.8565257,28.85108283,,0.009460717,0.013612552,0.010210264
28.83837238,28.84420529,28.83889892,,-0.000385617,0.001292137,-0.001973655
28.83580832,28.84474215,28.84102073,,-0.002949671,0.001828999,0.00014816
28.82816168,28.84045939,28.8316144,,-0.010596319,-0.002453757,-0.009258172
28.83571495,28.84370363,28.83815999,,-0.003043045,0.000790477,-0.002712577
28.84515234,28.84593897,28.84316223,,0.00639434,0.003025815,0.002289662
28.83614645,28.84357613,28.83904142,,-0.00261155,0.000662982,-0.001831153
28.83009728,28.84333702,28.83766372,,-0.008660721,0.000423872,-0.003208845
28.83636257,28.84368892,28.83951624,,-0.002395427,0.00077577,-0.001356325
28.83667776,28.84388758,28.83807241,,-0.002080236,0.000974428,-0.002800158
28.85054964,28.86530522,28.8595524,,0.011791639,0.022392068,0.018679827
28.83718249,28.84481124,28.84520836,,-0.001575504,0.00189809,0.004335786
28.83305295,28.84265929,28.84167863,,-0.005705049,-0.000253865,0.000806061
28.83605891,28.84481078,28.83988714,,-0.002699087,0.001897634,-0.000985429
28.82987408,28.84464208,28.8343961,,-0.00888392,0.001728928,-0.006476472
28.83586921,28.84376639,28.83865461,,-0.002888784,0.000853239,-0.002217961
28.83636405,28.84477668,28.83922263,,-0.002393948,0.001863528,-0.001649941
28.83467777,28.84573024,28.83910649,,-0.004080226,0.00281709,-0.00176608
28.83635513,28.84451603,28.83977515,,-0.002402864,0.001602875,-0.001097423
28.82731782,28.8406064,28.83003701,,-0.011440172,-0.002306748,-0.010835561
28.83696213,28.84454318,28.84012223,,-0.001795863,0.00163003,-0.000750336
28.83575558,28.84372364,28.83870514,,-0.003002418,0.00081049,-0.002167426
28.83727229,28.84486805,28.8393615,,-0.001485704,0.001954895,-0.001511075
28.8374407,28.84476524,28.83964246,,-0.001317295,0.001852087,-0.00123011
28.83244232,28.84051831,28.83149583,,-0.006315677,-0.002394844,-0.009376735
28.8359685,28.84299245,28.83857505,,-0.002789492,7.92971E-05,-0.002297517
28.8378353,28.84399644,28.83950449,,-0.000922695,0.001083293,-0.001368082
28.82088284,28.83897539,28.82142228,,-0.017875158,-0.00393776,-0.019450286
28.83793252,28.84437089,28.83986061,,-0.000825477,0.001457742,-0.001011962
28.82939068,28.84094862,28.83122382,,-0.009367313,-0.001964535,-0.009648752
28.83757722,28.84324964,28.83789049,,-0.001180771,0.000336492,-0.002982081
28.82952754,28.84132174,28.82977166,,-0.009230456,-0.001591408,-0.011100905
28.83828565,28.84429808,28.83863798,,-0.000472345,0.001384931,-0.002234585
28.83937423,28.84453942,28.83830774,,0.000616239,0.001626272,-0.002564826
28.84690889,28.85469309,28.8470297,,0.008150892,0.011779936,0.006157132
28.83931766,28.84421779,28.83898077,,0.000559663,0.001304641,-0.001891803
28.8305843,28.84090454,28.83981908,,-0.008173699,-0.002008615,-0.001053485
28.83940778,28.84488376,28.83888943,,0.000649779,0.00197061,-0.001983137
28.83950157,28.84478641,28.83883541,,0.000743579,0.001873261,-0.002037155
28.84128746,28.8440216,28.84101938,,0.002529466,0.001108448,0.000146807
28.83893802,28.84401606,28.83873332,,0.000180022,0.001102906,-0.002139249
28.83231596,28.84516076,28.84019113,,-0.006442038,0.002247612,-0.000681436
28.83882023,28.84401487,28.83900723,,6.22328E-05,0.001101723,-0.00186534
28.83788729,28.84354968,28.83842147,,-0.000870702,0.00063653,-0.002451105
28.83552451,28.84319209,28.83506551,,-0.003233484,0.000278943,-0.005807064
28.86081429,28.87386037,28.86687799,,0.02205629,0.030947224,0.026005416
28.83729449,28.84418944,28.83997259,,-0.00146351,0.00127629,-0.000899976
28.83857474,28.84524423,28.83867021,,-0.000183257,0.002331081,-0.002202357
28.83727728,28.84450051,28.83750054,,-0.001480712,0.001587355,-0.003372029
28.83615153,28.84369344,28.83997746,,-0.002606466,0.000780286,-0.000895106
28.83774296,28.8444423,28.83952332,,-0.001015039,0.00152915,-0.00134925
28.83137673,28.84302023,28.83456754,,-0.007381261,0.00010708,-0.006305033
28.83886172,28.84460167,28.83862677,,0.000103728,0.00168852,-0.002245797
28.8357427,28.84340612,28.83432662,,-0.003015291,0.00049297,-0.00654595
28.83726047,28.84374038,28.83863989,,-0.001497523,0.000827231,-0.002232675
28.84153232,28.84316938,28.84461706,,0.002774324,0.000256225,0.00374449
28.83698429,28.84411371,28.83858599,,-0.001773704,0.001200565,-0.002286579
28.83913768,28.8462552,28.83982323,,0.000379684,0.003342051,-0.001049335
28.83572898,28.84293727,28.83802556,,-0.003029021,2.41191E-05,-0.002847011
28.83665649,28.84349145,28.83874183,,-0.002101503,0.000578298,-0.00213074
28.82982107,28.84393596,28.8386788,,-0.008936922,0.001022807,-0.002193765
28.83735212,28.84455942,28.83874876,,-0.001405873,0.001646273,-0.002123809
28.83737874,28.84490012,28.84123471,,-0.001379259,0.001986968,0.000362139
28.83683266,28.84446272,28.84139173,,-0.00192534,0.00154957,0.000519156
28.83704921,28.84490031,28.84089399,,-0.001708787,0.001987162,2.14219E-05
28.83554911,28.84348294,28.8384083,,-0.003208883,0.000569793,-0.002464267
28.82866961,28.84213459,28.83833821,,-0.010088388,-0.00077856,-0.002534364
28.83732418,28.84503992,28.84054386,,-0.001433816,0.002126766,-0.000328708
28.82224655,28.84388378,28.83879534,,-0.016511447,0.000970629,-0.002077232
28.83384785,28.84334512,28.83714694,,-0.004910149,0.000431967,-0.003725625
28.83726568,28.84513116,28.84112865,,-0.001492317,0.002218013,0.000256083
28.83809352,28.84543201,28.83929967,,-0.000664471,0.002518856,-0.001572901
28.83663483,28.84446465,28.83843662,,-0.002123167,0.001551496,-0.00243595
28.84638053,28.844212,28.84768012,,0.007622535,0.001298847,0.006807555
28.83813511,28.84345889,28.83924188,,-0.00062289,0.000545735,-0.001630693
28.82219029,28.84373245,28.839238,,-0.016567708,0.000819297,-0.001634566
28.83943254,28.84490704,28.83875687,,0.00067454,0.001993886,-0.002115705
28.84077975,28.84597393,28.84015706,,0.002021758,0.003060783,-0.000715507
28.84093823,28.84331441,28.84289191,,0.002180235,0.000401256,0.002019343
28.83707166,28.84171861,28.83964356,,-0.001686333,-0.001194541,-0.001229008
28.83865433,28.84387031,28.83907661,,-0.000103664,0.000957156,-0.001795964
28.83584632,28.84333666,28.83497946,,-0.002911681,0.000423508,-0.005893111
28.83816292,28.84378327,28.83834475,,-0.00059508,0.00087012,-0.002527821
28.83523384,28.84322452,28.83622957,,-0.003524153,0.000311366,-0.004643004
28.83752613,28.8447039,28.83693907,,-0.001231864,0.001790753,-0.003933501
28.8435518,28.84465582,28.84371946,,0.004793802,0.001742666,0.00284689
28.83705059,28.8439035,28.8368895,,-0.001707411,0.000990353,-0.003983068
28.83855259,28.84344656,28.83866575,,-0.000205408,0.000533407,-0.002206817
28.83589287,28.84373371,28.83879189,,-0.002865129,0.000820559,-0.002080676
28.836286,28.84402623,28.83816245,,-0.002471999,0.001113082,-0.002710119
28.82796674,28.84186064,28.83208103,,-0.010791255,-0.001052506,-0.008791537
28.83607222,28.84414654,28.83839281,,-0.002685777,0.001233392,-0.002479764
28.83700929,28.84463766,28.83947169,,-0.001748708,0.001724507,-0.001400884
28.83705891,28.84429939,28.83847503,,-0.001699085,0.001386242,-0.002397544
28.83687999,28.84379922,28.83842559,,-0.001878008,0.000886074,-0.002446979
28.83649778,28.84398192,28.83794297,,-0.002260214,0.001068766,-0.002929596
28.83651159,28.84375755,28.83802708,,-0.002246406,0.000844397,-0.002845493
28.83357319,28.84399581,28.8358485,,-0.005184804,0.001082661,-0.005024074
28.83535623,28.84313739,28.8381783,,-0.00340177,0.000224236,-0.002694273
28.82883784,28.84248352,28.83087027,,-0.009920153,-0.000429629,-0.010002299
28.8382161,28.84535633,28.83900187,,-0.000541892,0.002443184,-0.001870702
28.83586015,28.84364068,28.83728819,,-0.002897846,0.000727532,-0.003584383
28.83959797,28.84599443,28.84071339,,0.000839972,0.00308128,-0.000159184
28.83819581,28.84584228,28.84034072,,-0.00056219,0.002929132,-0.000531847
28.85809317,28.87376075,28.86788022,,0.019335173,0.030847602,0.027007648
28.8360692,28.84418622,28.84127981,,-0.0026888,0.001273066,0.000407243
28.83213369,28.84224769,28.83464489,,-0.006624303,-0.000665457,-0.006227677
28.83507715,28.84251915,28.83998991,,-0.003680849,-0.000394003,-0.00088266
28.84325862,28.8443852,28.84621743,,0.004500623,0.001472047,0.005344857
28.83803981,28.84566172,28.84001132,,-0.000718189,0.002748569,-0.000861253
28.83477505,28.8433857,28.83819702,,-0.003982941,0.000472547,-0.002675551
28.83765148,28.84529602,28.8398904,,-0.001106516,0.00238287,-0.000982174
28.83585574,28.84371951,28.83884556,,-0.002902254,0.000806362,-0.002027009
28.83655304,28.84474441,28.84060742,,-0.002204951,0.001831258,-0.000265153
28.83842703,28.8434582,28.84220187,,-0.000330963,0.000545046,0.001329301
28.83414335,28.84211658,28.83703895,,-0.004614646,-0.00079657,-0.003833616
28.84155251,28.85293015,28.84668853,,0.002794511,0.010016995,0.005815956
28.83760164,28.84543434,28.83921074,,-0.00115636,0.002521188,-0.001661834
28.82820502,28.84226341,28.83141178,,-0.010552974,-0.000649738,-0.009460789
28.83607421,28.84426432,28.83920169,,-0.002683782,0.001351167,-0.001670876
28.8366675,28.84467995,28.83987122,,-0.002090498,0.001766796,-0.001001349
28.83558536,28.84505278,28.83981289,,-0.003172633,0.002139627,-0.00105968
28.8403996,28.84202939,28.84311685,,0.001641601,-0.000883762,0.00224428
28.83616704,28.84385964,28.8391311,,-0.002590957,0.000946493,-0.001741469
28.83263807,28.84255655,28.83415402,,-0.006119929,-0.000356597,-0.006718554
28.83522171,28.84314557,28.8388881,,-0.00353629,0.000232419,-0.001984467
28.82405574,28.84219912,28.83783076,,-0.014702253,-0.000714028,-0.003041813
28.8362593,28.84345166,28.83910026,,-0.002498695,0.000538505,-0.001772314
28.83618003,28.84489841,28.83967473,,-0.002577966,0.00198526,-0.001197836
28.83188523,28.84350402,28.83616056,,-0.006872768,0.000590871,-0.004712014
28.83316235,28.8399831,28.8418253,,-0.00559565,-0.002930052,0.000952735
28.83533251,28.84289492,28.84277068,,-0.003425481,-1.82336E-05,0.001898107
28.83675435,28.84450109,28.8398797,,-0.002003651,0.001587939,-0.000992867
28.82411187,28.84194396,28.82804442,,-0.014646123,-0.000969189,-0.012828151
28.83626298,28.84528898,28.83994462,,-0.002495016,0.00237583,-0.000927946
28.83345803,28.84500334,28.83652461,,-0.005299966,0.002090186,-0.00434796
28.83759036,28.84505946,28.83960922,,-0.001167641,0.002146311,-0.001263349
28.85559495,28.87014428,28.86374077,,0.016836955,0.027231132,0.022868205
28.83785124,28.84542682,28.84110623,,-0.000906754,0.002513665,0.000233663
28.82902032,28.84387711,28.83879052,,-0.009737681,0.000963962,-0.00208205
28.83809686,28.84239972,28.84135857,,-0.000661138,-0.000513429,0.000486002
28.83159896,28.84236402,28.83286981,,-0.007159039,-0.000549128,-0.008002761
28.83666133,28.84440778,28.83899796,,-0.002096663,0.001494626,-0.001874612
28.8331858,28.84414529,28.8358157,,-0.005572196,0.00123214,-0.005056872
28.83729699,28.84510638,28.84016454,,-0.001461006,0.002193233,-0.000708028
28.83562121,28.84368796,28.83829416,,-0.00313679,0.00077481,-0.002578415
28.83701815,28.84502941,28.84018705,,-0.001739847,0.002116255,-0.000685518
28.8379041,28.84534354,28.83918417,,-0.000853891,0.002430386,-0.001688397
28.83597399,28.84388158,28.8395666,,-0.00278401,0.000968431,-0.001305969
28.83837258,28.84676228,28.8393368,,-0.000385418,0.003849127,-0.001535765
28.83355224,28.84491693,28.83577102,,-0.005205753,0.002003782,-0.005101553
28.83678363,28.84441704,28.83869042,,-0.001974368,0.00150389,-0.002182153
28.82763003,28.8418492,28.82966537,,-0.011127966,-0.001063952,-0.011207204
28.83927571,28.84604544,28.84011116,,0.000517714,0.003132289,-0.000761409
28.83664324,28.84367068,28.8383787,,-0.002114752,0.000757533,-0.002493872
28.83710753,28.84411819,28.8392272,,-0.001650463,0.001205041,-0.001645373
28.8384676,28.84614802,28.83892704,,-0.000290394,0.003234873,-0.00194553
28.83358673,28.84360135,28.83441751,,-0.005171262,0.000688196,-0.00645506
28.83708712,28.84466504,28.8377469,,-0.001670874,0.001751891,-0.003125669
28.8367305,28.84442148,28.83919044,,-0.002027495,0.001508328,-0.001682126
28.84064839,28.84340611,28.84586132,,0.001890399,0.000492961,0.00498875
28.8379352,28.84562111,28.84110231,,-0.0008228,0.002707963,0.000229743
28.83227957,28.84363306,28.83496248,,-0.006478431,0.000719907,-0.005910093
28.83713083,28.8452749,28.83895975,,-0.001627168,0.002361754,-0.00191282
28.83771062,28.84491712,28.83955364,,-0.001047372,0.002003967,-0.001318927
28.83397082,28.84202562,28.83611492,,-0.004787175,-0.000887529,-0.004757648
28.83772565,28.84555861,28.84248801,,-0.001032342,0.002645455,0.001615445
28.83513566,28.84365063,28.84101817,,-0.003622337,0.000737478,0.000145605
28.8320685,28.84283838,28.83634524,,-0.0066895,-7.47685E-05,-0.00452733
28.83573875,28.84442261,28.84001673,,-0.003019242,0.001509456,-0.000855838
28.83231429,28.8439301,28.83635226,,-0.006443707,0.001016952,-0.004520313
28.83631752,28.84511391,28.83995447,,-0.002440477,0.002200763,-0.000918104
28.84234437,28.84365158,28.84539962,,0.003586376,0.000738434,0.004527047
28.83497304,28.84203788,28.8381016,,-0.003784956,-0.000875267,-0.002770974
28.83852946,28.84311578,28.8409735,,-0.000228533,0.000202626,0.000100933
28.83546073,28.84355351,28.83771807,,-0.003297271,0.000640359,-0.003154498
28.83712423,28.84450696,28.83990637,,-0.001633764,0.00159381,-0.000966196
28.82920483,28.8434895,28.84383662,,-0.009553165,0.000576349,0.002964047
28.83814348,28.84562206,28.84197375,,-0.000614517,0.002708908,0.001101184
28.82840039,28.84307692,28.83838699,,-0.010357609,0.000163766,-0.002485576
28.8390887,28.84635013,28.84021824,,0.000330701,0.003436983,-0.000654332
28.82917725,28.84397971,28.83251337,,-0.009580745,0.001066559,-0.008359196
28.83610918,28.84321142,28.83820358,,-0.002648812,0.000298268,-0.002668993
28.83601022,28.84315399,28.83808432,,-0.00274778,0.000240836,-0.002788254
28.83903511,28.84340752,28.84077287,,0.000277111,0.00049437,-9.97014E-05
28.83632229,28.84342473,28.83837323,,-0.00243571,0.000511584,-0.002499341
28.83621179,28.8431421,28.83708286,,-0.00254621,0.00022895,-0.00378971
28.83723286,28.84424051,28.83876645,,-0.001525135,0.001327364,-0.002106117
28.83788459,28.84478913,28.83966034,,-0.000873405,0.001875975,-0.001212234
28.83879695,28.84538508,28.84026834,,3.89512E-05,0.002471928,-0.000604229
28.83958391,28.84564031,28.8394363,,0.000825917,0.002727164,-0.00143627
28.83375958,28.84303327,28.83713942,,-0.004998417,0.00012012,-0.003733152
28.83794206,28.84542616,28.84183714,,-0.000815941,0.002513007,0.00096457
28.84314568,28.84629143,28.84938606,,0.004387687,0.00337828,0.008513486
28.83819071,28.84501074,28.84178774,,-0.000567282,0.002097595,0.000915168
28.8366364,28.8440579,28.83703341,,-0.002121598,0.00114475,-0.003839164
28.83443031,28.84475318,28.83451632,,-0.004327689,0.001840033,-0.006356252
28.84808599,28.84396925,28.852935,,0.009327996,0.0010561,0.012062427
28.82079661,28.83944372,28.84031176,,-0.017961385,-0.003469427,-0.000560807
28.83766727,28.84396579,28.83712345,,-0.001090724,0.001052641,-0.003749118
28.83712701,28.84407933,28.83910332,,-0.00163099,0.001166183,-0.001769248
28.83719762,28.84299443,28.83885904,,-0.001560373,8.12769E-05,-0.002013529
28.83783213,28.84349888,28.83868713,,-0.000925868,0.000585734,-0.002185439
28.83819774,28.84445567,28.83929455,,-0.000560259,0.001542516,-0.001578018
28.83408323,28.84319948,28.83526031,,-0.004674762,0.000286327,-0.005612264
28.83783564,28.84501559,28.8404245,,-0.000922353,0.002102438,-0.00044807
28.83319054,28.84387634,28.83658649,,-0.005567453,0.000963188,-0.004286076
28.83708126,28.84438108,28.8405906,,-0.001676738,0.001467928,-0.000281972
28.8365699,28.84383501,28.8385157,,-0.002188099,0.000921863,-0.00235687
28.83223965,28.84295179,28.83925769,,-0.006518349,3.86378E-05,-0.001614881
28.83783864,28.844901,28.83968146,,-0.000919356,0.001987845,-0.001191111
28.83645089,28.84381681,28.83899853,,-0.002307107,0.000903655,-0.001874035
28.83747212,28.84445512,28.83800036,,-0.001285873,0.001541972,-0.002872207
28.83242323,28.84331718,28.83591843,,-0.00633477,0.00040403,-0.004954138
28.83595152,28.84384352,28.83878904,,-0.002806473,0.000930365,-0.002083534
28.83271971,28.84391149,28.83559259,,-0.006038287,0.000998336,-0.005279979
28.8370006,28.84504126,28.83923046,,-0.001757399,0.00212811,-0.001642114
28.83611447,28.84456436,28.83932727,,-0.002643525,0.001651213,-0.001545296
28.82771785,28.84327211,28.82982639,,-0.011040145,0.000358962,-0.011046183
28.83632171,28.84562727,28.84192062,,-0.002436288,0.002714116,0.001048049
28.82755684,28.84432646,28.83885997,,-0.011201154,0.001413314,-0.002012597
28.83680443,28.8448052,28.83878033,,-0.00195357,0.001892049,-0.002092242
28.83254484,28.84424374,28.83549146,,-0.006213155,0.001330587,-0.005381112
28.83571164,28.84389434,28.83857972,,-0.00304636,0.000981192,-0.00229285
28.85439706,28.87012163,28.86836997,,0.015639062,0.02720848,0.027497404
28.83698733,28.84604433,28.84553398,,-0.001770668,0.003131175,0.004661415
28.83731578,28.84445985,28.84350211,,-0.001442217,0.001546697,0.002629543
28.83543505,28.84418089,28.8424556,,-0.003322947,0.001267744,0.001583032
28.83796882,28.84549861,28.84567757,,-0.000789173,0.002585462,0.004805
28.83914543,28.84961526,28.85015151,,0.000387435,0.006702107,0.009278944
28.8372177,28.84585265,28.84340742,,-0.001540298,0.0029395,0.002534846
28.82785601,28.84377614,28.8439449,,-0.010901989,0.000862986,0.003072333
28.83672005,28.84525459,28.8439402,,-0.002037943,0.00234144,0.003067627
28.83717164,28.84465671,28.84269797,,-0.001586356,0.001743557,0.001825399
28.83265618,28.84345249,28.83903804,,-0.006101814,0.000539344,-0.001834528
28.83548226,28.84454852,28.84198828,,-0.003275735,0.001635374,0.001115715
28.82911044,28.84507977,28.83385642,,-0.00964756,0.002166618,-0.007016151
28.83713875,28.84600771,28.84245913,,-0.00161925,0.003094558,0.001586557
28.83420135,28.8428174,28.84195153,,-0.004556643,-9.57525E-05,0.001078963
28.83669536,28.84378282,28.84197407,,-0.002062632,0.000869668,0.001101496
28.83728035,28.84496519,28.84231951,,-0.001477644,0.002052043,0.001446945
28.83789094,28.84510498,28.83996255,,-0.000867057,0.002191831,-0.00091002
28.83640456,28.84400643,28.83930399,,-0.002353438,0.001093282,-0.001568577
28.83541431,28.84422013,28.83740134,,-0.003343688,0.001306981,-0.003471234
28.83179875,28.84395402,28.83555697,,-0.006959244,0.001040874,-0.005315597
28.83773858,28.84500467,28.83920906,,-0.001019417,0.002091522,-0.001663508
28.83658375,28.84420194,28.84687048,,-0.002174242,0.001288793,0.00599791
28.83768956,28.84576671,28.83948445,,-0.001068431,0.002853561,-0.001388122
28.84578905,28.85642188,28.85011253,,0.007031053,0.013508726,0.009239958
28.83665696,28.84550847,28.83856738,,-0.002101041,0.002595318,-0.002305192
28.83239341,28.84505169,28.83749651,,-0.006364589,0.002138541,-0.003376059
28.8379835,28.84609949,28.83961569,,-0.000774497,0.003186337,-0.001256879
28.83609781,28.84443821,28.83878906,,-0.002660183,0.001525055,-0.002083511
28.83262959,28.84464443,28.83744377,,-0.006128411,0.001731278,-0.003428795
28.83750629,28.84606664,28.84127789,,-0.001251706,0.003153494,0.000405322
28.83734338,28.84581976,28.84154917,,-0.00141462,0.002906605,0.000676602
28.8370325,28.84556966,28.84057964,,-0.001725497,0.002656508,-0.000292932
28.83222319,28.84413713,28.83645356,,-0.006534802,0.001223975,-0.004419006
28.83648363,28.8449015,28.8390176,,-0.002274363,0.001988346,-0.001854971
28.8361199,28.84468885,28.83988722,,-0.002638095,0.001775703,-0.000985349
28.82732196,28.84362919,28.83264294,,-0.01143604,0.00071604,-0.008229633
28.83586942,28.84511618,28.83945209,,-0.002888577,0.002203031,-0.001420484
28.82872084,28.845251,28.83230563,,-0.010037161,0.002337853,-0.008566944
28.83643873,28.84544238,28.83975062,,-0.002319266,0.002529229,-0.00112195
28.88699406,28.90255628,28.90453359,,0.04823606,0.059643133,0.063661023
28.83801355,28.84598085,28.84403207,,-0.000744444,0.0030677,0.003159498
28.83756875,28.84583597,28.84526672,,-0.001189243,0.002922822,0.004394148
28.83145221,28.84335407,28.83987805,,-0.007305788,0.000440918,-0.000994518
28.82819847,28.84441826,28.8361989,,-0.010559524,0.001505107,-0.004673666
28.8358969,28.84404339,28.84295672,,-0.002861101,0.001130235,0.002084151
28.82839078,28.84394143,28.84237803,,-0.010367216,0.001028275,0.001505458
28.83726167,28.84537964,28.84413493,,-0.001496328,0.002466489,0.003262358
28.83670609,28.84497747,28.84436585,,-0.002051903,0.002064324,0.003493278
28.83777169,28.8458905,28.84395109,,-0.000986311,0.002977345,0.003078524
28.82704374,28.8431042,28.84123649,,-0.011714251,0.000191046,0.000363918
28.83390584,28.8422896,28.84076034,,-0.00485216,-0.000623554,-0.00011223
28.84126257,28.84486871,28.85037933,,0.002504574,0.001955558,0.009506761
28.83621652,28.84579527,28.8447899,,-0.002541475,0.002882116,0.003917331
28.83564482,28.84623665,28.84271637,,-0.003113179,0.003323501,0.0018438
28.84038345,28.8455537,28.84673151,,0.001625451,0.002640547,0.005858944
28.83692544,28.84606452,28.84436151,,-0.001832552,0.003151374,0.003488941
28.83693883,28.84727065,28.84403957,,-0.001819168,0.004357498,0.003167
28.83622477,28.84657151,28.84356019,,-0.002533226,0.003658359,0.002687623
28.83707812,28.84747622,28.84497701,,-0.001679873,0.004563066,0.004104442
28.84249444,28.85654536,28.85724114,,0.003736441,0.013632208,0.016368568
28.83829482,28.84869029,28.84702804,,-0.000463178,0.005777143,0.006155473
28.83214886,28.84620584,28.84083063,,-0.006609132,0.003292689,-4.19374E-05
28.83815798,28.84874645,28.84672158,,-0.00060002,0.005833296,0.005849011
28.83625571,28.84698885,28.84642328,,-0.002502285,0.004075697,0.005550713
28.83653176,28.84736256,28.84704904,,-0.002226236,0.004449409,0.006176468
28.83744349,28.84780755,28.84619083,,-0.001314503,0.004894395,0.005318257
28.83662455,28.84747612,28.84551151,,-0.002133443,0.004562971,0.004638942
28.83807615,28.84879498,28.84715824,,-0.000681847,0.005881833,0.006285674
28.83341023,28.84786528,28.84238536,,-0.005347767,0.00495213,0.001512793
28.83792544,28.84844571,28.84618314,,-0.000832558,0.005532564,0.00531057
28.83143313,28.84588371,28.84135069,,-0.007324871,0.002970564,0.000478117
28.83597957,28.84673264,28.84367195,,-0.00277843,0.003819494,0.002799381
28.83580172,28.84692128,28.84369672,,-0.002956278,0.00400813,0.002824153
28.82710414,28.84643239,28.83595367,,-0.011653855,0.003519238,-0.004918904
28.83771252,28.84908158,28.8456519,,-0.001045474,0.006168432,0.00477933
28.82734105,28.84704536,28.84569735,,-0.011416948,0.00413221,0.004824777
28.84023345,28.84757611,28.85059562,,0.001475455,0.004662964,0.009723048
28.83445941,28.84717281,28.8421252,,-0.004298583,0.004259657,0.001252628
28.83509742,28.84790454,28.8436281,,-0.003660576,0.00499139,0.002755534
28.83527932,28.84792206,28.84380662,,-0.003478675,0.005008907,0.00293405
28.82710721,28.84770964,28.83498596,,-0.011650788,0.004796488,-0.005886605
28.83586063,28.84763753,28.84321389,,-0.00289737,0.004724376,0.002341318
28.83671232,28.84860085,28.8438956,,-0.002045671,0.005687701,0.00302303
28.83524432,28.84744042,28.84273529,,-0.003513673,0.004527272,0.001862719
28.83576017,28.84783184,28.84249387,,-0.002997823,0.004918691,0.001621301
28.82826851,28.84842353,28.83483346,,-0.010489482,0.00551038,-0.006039106
28.83697603,28.8491022,28.8436434,,-0.001781965,0.006189048,0.00277083
28.83775644,28.84985105,28.84807735,,-0.001001559,0.0069379,0.007204779
28.83030633,28.84849304,28.84477212,,-0.008451666,0.005579894,0.00389955
28.85123371,28.86682838,28.8661101,,0.012475711,0.023915229,0.025237528
28.83697589,28.84732777,28.84575897,,-0.001782107,0.004414619,0.004886402
28.83881736,28.84978053,28.84562476,,5.93648E-05,0.006867375,0.004752189
28.8273569,28.84658562,28.83758007,,-0.011401091,0.003672472,-0.003292503
28.84237122,28.84610354,28.8522726,,0.003613228,0.003190391,0.011400029
28.8364562,28.84713616,28.84249307,,-0.002301793,0.004223006,0.001620504
28.83447868,28.84891435,28.84418958,,-0.004279317,0.006001203,0.00331701
28.83735391,28.84775887,28.84498131,,-0.001404082,0.004845716,0.004108744
28.82515723,28.84776716,28.84201162,,-0.01360077,0.004854007,0.001139055
28.83882993,28.84635592,28.84650694,,7.19349E-05,0.003442766,0.005634371
28.83400036,28.84513165,28.84127041,,-0.004757638,0.002218497,0.000397839
28.83710741,28.84843833,28.84242568,,-0.001650584,0.005525184,0.001553112
28.83664267,28.84778756,28.84358982,,-0.002115328,0.004874406,0.002717247
28.83623326,28.8478081,28.84308704,,-0.002524734,0.004894953,0.002214469
28.8368035,28.84639903,28.84352581,,-0.001954492,0.003485881,0.002653241
28.83711981,28.84419323,28.85726688,,-0.001638185,0.001280082,0.016394306
28.83700282,28.84509638,28.84859658,,-0.00175518,0.002183227,0.007724006
28.82905483,28.84478379,28.83966479,,-0.009703167,0.001870643,-0.001207782
28.83637297,28.84475889,28.84777219,,-0.002385027,0.001845739,0.006899622
28.84280781,28.84347613,28.85513442,,0.004049814,0.000562977,0.014261846
28.84033271,28.84826295,28.85170869,,0.001574713,0.005349796,0.010836125
28.83576921,28.84612346,28.84687707,,-0.002988782,0.003210309,0.006004502
28.82743258,28.84596911,28.84383015,,-0.011325412,0.003055964,0.002957581
28.83543193,28.8449311,28.84630893,,-0.003326069,0.002017947,0.005436363
28.84116967,28.85427874,28.85653929,,0.002411677,0.011365585,0.01566672
28.83883975,28.84831362,28.84983119,,8.17505E-05,0.005400466,0.008958623
28.83166656,28.84477866,28.84297263,,-0.007091437,0.001865513,0.00210006
28.83490041,28.84459661,28.84596903,,-0.003857589,0.001683455,0.005096459
28.83652517,28.847122,28.84695715,,-0.002232824,0.00420885,0.006084583
28.83076644,28.84945046,28.84646321,,-0.007991553,0.006537309,0.005590642
28.83481518,28.84538788,28.84629464,,-0.003942816,0.002474729,0.00542207
28.83484745,28.84574008,28.84597836,,-0.003910542,0.002826928,0.005105795
28.85393771,28.84850673,28.85354708,,0.015179715,0.005593578,0.012674512
28.82436264,28.84589371,28.83613438,,-0.014395355,0.002980558,-0.00473819
28.83608449,28.84579196,28.84745996,,-0.002673502,0.002878805,0.006587393
28.83584551,28.84561978,28.84649714,,-0.002912485,0.002706629,0.005624575
28.83215998,28.84585013,28.8443164,,-0.00659802,0.002936984,0.003443835
28.82741061,28.84666924,28.84809606,,-0.011347382,0.003756087,0.007223492
28.83749805,28.84708632,28.84658605,,-0.001259948,0.004173168,0.005713476
28.83593869,28.84490231,28.84282113,,-0.002819303,0.001989162,0.001948562
28.83152129,28.84454847,28.83788789,,-0.007236701,0.001635316,-0.002984682
28.83591428,28.84542333,28.84387057,,-0.002843718,0.002510185,0.002997999
28.83291105,28.8459345,28.83903614,,-0.005846946,0.003021346,-0.001836432
28.83655374,28.84609665,28.84245064,,-0.002204254,0.003183504,0.001578075
28.82882857,28.84631016,28.83406267,,-0.009929428,0.003397011,-0.006809898
28.83590351,28.84513265,28.83933823,,-0.002854485,0.002219495,-0.001534335
28.82692174,28.84425361,28.84871312,,-0.011836259,0.001340463,0.007840554
28.84004106,28.84482806,28.84447515,,0.001283064,0.001914907,0.00360258
28.83746347,28.84652999,28.84027897,,-0.00129453,0.003616838,-0.000593603
28.83600965,28.84489846,28.8384212,,-0.002748342,0.001985314,-0.002451369
28.82750924,28.84418591,28.83061048,,-0.011248751,0.001272758,-0.010262093
28.84440088,28.84451393,28.84520099,,0.005642881,0.001600777,0.004328418
28.83704871,28.84400048,28.83895554,,-0.001709288,0.001087333,-0.001917034
28.86169757,28.87679466,28.87910119,,0.022939571,0.033881506,0.038228622
28.83762207,28.84733382,28.84453361,,-0.001135921,0.004420674,0.003661041
28.83679525,28.84671019,28.84256383,,-0.001962744,0.003797041,0.001691262
28.83324568,28.8467206,28.84023658,,-0.005512311,0.003807452,-0.000635987
28.83564094,28.84581972,28.84121734,,-0.003117053,0.00290657,0.00034477
28.82817185,28.84693865,28.83512086,,-0.010586145,0.004025499,-0.005751706
28.83552982,28.84600289,28.84126775,,-0.003228173,0.003089743,0.000395181
28.83679386,28.84724,28.8419139,,-0.001964135,0.004326846,0.001041331
28.8359894,28.84620842,28.84082258,,-0.002768599,0.003295271,-4.99859E-05
28.83625211,28.84753575,28.84282751,,-0.002505882,0.004622597,0.001954935
28.83815521,28.84516049,28.84468517,,-0.000602784,0.002247343,0.003812602
28.85216382,28.8489579,28.86464852,,0.013405819,0.006044748,0.023775948
28.84375429,28.8504975,28.85115728,,0.004996293,0.007584345,0.010284713
28.83916912,28.85090721,28.84514846,,0.000411125,0.007994064,0.004275892
28.83778687,28.85054765,28.84726367,,-0.000971125,0.0076345,0.006391101
28.83287163,28.84933347,28.84129798,,-0.005886365,0.006420321,0.000425406
28.83598743,28.84871255,28.84536472,,-0.00277057,0.005799397,0.00449215
28.83608385,28.84759356,28.84478388,,-0.002674148,0.004680411,0.003911311
28.83694786,28.84884762,28.84482967,,-0.001810134,0.005934474,0.003957101
28.83381376,28.84859529,28.83980063,,-0.004944239,0.005682141,-0.001071944
28.83826136,28.85062924,28.8469533,,-0.000496633,0.007716086,0.006080732
28.83395993,28.84996972,28.8423206,,-0.004798066,0.007056569,0.001448027
28.85342618,28.87530337,28.86310997,,0.014668187,0.032390215,0.022237404
28.84388941,28.84404031,28.85253721,,0.005131412,0.001127157,0.011664641
28.84115781,28.84837195,28.84923477,,0.002399811,0.005458804,0.008362199
28.83658311,28.8462145,28.84478112,,-0.002174882,0.003301353,0.003908551
28.83136656,28.84532049,28.8426244,,-0.007391439,0.002407336,0.001751828
28.83548619,28.84644844,28.84487489,,-0.003271803,0.003535294,0.004002322
28.8279734,28.84499514,28.84472506,,-0.010784597,0.002081986,0.003852494
28.83312244,28.84618307,28.84176341,,-0.00563556,0.003269918,0.000890844
28.82779729,28.84647727,28.84611025,,-0.010960709,0.003564124,0.005237685
28.84480788,28.84731067,28.85507365,,0.006049882,0.004397515,0.014201077
28.82834792,28.84566704,28.83907739,,-0.010410075,0.002753891,-0.001795184
28.83682413,28.84624621,28.84776547,,-0.001933868,0.003333058,0.006892897
28.84438816,28.85745054,28.86243516,,0.005630169,0.014537392,0.021562595
28.83831984,28.84729577,28.8499915,,-0.000438153,0.004382617,0.009118934
28.8395858,28.84948388,28.86897222,,0.000827801,0.00657073,0.028099649
28.83146847,28.84798301,28.84281617,,-0.007289523,0.00506986,0.001943595
28.82755558,28.8452217,28.8406754,,-0.011202415,0.002308545,-0.000197172
28.83716934,28.84727158,28.85022703,,-0.001588654,0.004358433,0.009354458
28.83000855,28.84416467,28.8456618,,-0.008749444,0.001251517,0.004789227
28.83726325,28.84712444,28.84914516,,-0.001494747,0.004211289,0.008272595
28.82763637,28.84520008,28.84018969,,-0.011121628,0.002286926,-0.000682883
28.83713219,28.84686945,28.84814728,,-0.001625805,0.003956304,0.007274712
28.82763871,28.84546927,28.83954715,,-0.011119287,0.002556116,-0.001325418
28.83906223,28.8451479,28.85156144,,0.000304239,0.002234749,0.010688868
28.83574927,28.84644343,28.84898143,,-0.00300873,0.003530278,0.008108862
28.83004391,28.84798099,28.84026264,,-0.008714089,0.005067839,-0.000609926
28.83763291,28.84816095,28.849639,,-0.001125084,0.0052478,0.008766429
28.82682567,28.84552901,28.83978461,,-0.011932325,0.002615862,-0.001087961
28.83654885,28.84719546,28.84848568,,-0.002209144,0.004282309,0.007613112
28.82922586,28.84807889,28.84132415,,-0.00953214,0.005165739,0.000451584
28.8362306,28.84720334,28.84847417,,-0.002527391,0.004290187,0.007601598
28.82829129,28.84690147,28.84680002,,-0.010466706,0.003988316,0.005927454
28.83693389,28.84782555,28.84852175,,-0.001824107,0.004912399,0.007649175
28.86785029,28.84794555,28.86611366,,0.02909229,0.005032397,0.025241087
28.83930875,28.84710277,28.85031156,,0.000550758,0.004189621,0.009438986
28.83572915,28.84381227,28.84710749,,-0.003028841,0.000899115,0.006234917
28.83160479,28.84344135,28.84295514,,-0.00715321,0.000528202,0.002082573
28.83726967,28.84512249,28.84627542,,-0.001488328,0.002209342,0.005402846
28.82772873,28.84313714,28.8366271,,-0.011029268,0.000223989,-0.004245475
28.8358117,28.84373891,28.84518406,,-0.002946291,0.000825755,0.004311491
28.83709402,28.84478423,28.84480934,,-0.001663979,0.001871079,0.003936773
28.82904594,28.84506572,28.83906698,,-0.009712054,0.002152566,-0.001805588
28.83675073,28.8445405,28.84244395,,-0.002007268,0.001627351,0.001571384
28.83763673,28.84430818,28.8447713,,-0.001121265,0.001395027,0.003898733
28.83547662,28.84335866,28.8593817,,-0.003281378,0.000445508,0.01850913
28.83734083,28.845154,28.85953612,,-0.00141717,0.002240854,0.018663547
28.83963584,28.84603718,28.85848382,,0.000877843,0.00312403,0.017611252
28.82065049,28.84457995,28.8558347,,-0.018107506,0.001666795,0.014962126
28.83720855,28.84511014,28.85573772,,-0.001549442,0.002196991,0.014865154
28.83174052,28.8434872,28.85537244,,-0.007017472,0.000574053,0.01449987
28.82700799,28.84251346,28.84238525,,-0.011750007,-0.000399691,0.00151268
28.83690704,28.84474209,28.85534243,,-0.001850953,0.001828939,0.014469857
28.83249223,28.84436003,28.85352505,,-0.006265765,0.001446876,0.01265248
28.82784124,28.84393746,28.84503066,,-0.010916753,0.001024306,0.004158086
28.83523174,28.84378935,28.85582724,,-0.003526261,0.000876201,0.01495467
28.83231925,28.84420747,28.85023816,,-0.006438747,0.001294322,0.009365586
28.83711639,28.84514183,28.85367533,,-0.001641605,0.002228678,0.012802764
28.83818205,28.84283376,28.8595639,,-0.000575945,-7.93883E-05,0.018691326
28.86985142,28.88198571,28.89663438,,0.031093421,0.039072561,0.055761811
28.83292793,28.84115677,28.85319246,,-0.005830062,-0.001756376,0.012319887
28.83707383,28.84580973,28.85448016,,-0.001684163,0.002896577,0.013607586
28.83705754,28.84568582,28.85449945,,-0.001700457,0.002772675,0.01362688
28.84073946,28.85304642,28.85552363,,0.001981469,0.010133271,0.014651061
28.82678746,28.84718038,28.84009476,,-0.011970539,0.004267231,-0.000777808
28.83743969,28.84598036,28.85299407,,-0.001318305,0.003067207,0.012121499
28.8280726,28.84506968,28.85192047,,-0.010685397,0.002156533,0.011047904
28.83729804,28.84610784,28.8534775,,-0.001459952,0.003194689,0.012604931
28.83511961,28.8439138,28.85442429,,-0.003638385,0.001000647,0.013551723
28.83512011,28.84365999,28.85193283,,-0.003637889,0.000746839,0.011060265
28.83616962,28.84451036,28.85140976,,-0.002588378,0.001597206,0.010537193
28.83485444,28.84358933,28.85365424,,-0.003903552,0.000676176,0.012781673
28.83506092,28.84361687,28.85192765,,-0.003697072,0.000703718,0.011055081
28.83540726,28.84367423,28.85295134,,-0.003350736,0.000761077,0.012078772
28.83598182,28.84447631,28.85247423,,-0.002776179,0.001563162,0.011601658
28.83736697,28.84567966,28.85280659,,-0.001391026,0.002766506,0.011934017
28.83592829,28.84444077,28.85249076,,-0.002829705,0.001527621,0.011618191
28.83528285,28.84373417,28.85144352,,-0.003475151,0.000821018,0.010570948
28.83586197,28.84449245,28.85355644,,-0.002896024,0.001579297,0.012683872
